,Date,Open,High,Low,Close,Adj Close,Volume,positive,neutral,negative
0,2020-12-17,21308.351563,23642.660156,21234.675781,22805.162109,22805.162109,71378606374,2,3,0
1,2020-12-18,22806.796875,23238.601563,22399.8125,23137.960938,23137.960938,40387896275,3,2,0
2,2020-12-19,23132.865234,24085.855469,22826.472656,23869.832031,23869.832031,38487546580,0,1,0
3,2020-12-20,23861.765625,24209.660156,23147.710938,23477.294922,23477.294922,37844228422,1,2,0
4,2020-12-21,23474.455078,24059.982422,22159.367188,22803.082031,22803.082031,45852713981,3,3,0
5,2020-12-22,22794.039063,23789.902344,22430.605469,23783.029297,23783.029297,44171632681,0,0,1
6,2020-12-23,23781.974609,24024.490234,22802.646484,23241.345703,23241.345703,51146161904,1,1,0
7,2020-12-24,23240.203125,23768.337891,22777.597656,23735.949219,23735.949219,41080759713,1,1,0
8,2020-12-25,23733.570313,24710.101563,23463.673828,24664.791016,24664.791016,42068395846,1,0,0
9,2020-12-26,24677.015625,26718.070313,24522.689453,26437.037109,26437.037109,48332647295,3,0,0
10,2020-12-27,26439.373047,28288.839844,25922.769531,26272.294922,26272.294922,66479895605,1,1,0
11,2020-12-28,26280.822266,27389.111328,26207.640625,27084.808594,27084.808594,49056742893,0,2,1
12,2020-12-29,27081.810547,27370.720703,25987.298828,27362.4375,27362.4375,45265946774,1,1,1
13,2020-12-30,27360.089844,28937.740234,27360.089844,28840.953125,28840.953125,51287442704,2,0,0
14,2020-12-31,28841.574219,29244.876953,28201.992188,29001.720703,29001.720703,46754964848,1,0,0
15,2021-01-02,29376.455078,33155.117188,29091.181641,32127.267578,32127.267578,67865420765,2,1,1
16,2021-01-03,32129.408203,34608.558594,32052.316406,32782.023438,32782.023438,78665235202,1,0,1
17,2021-01-04,32810.949219,33440.21875,28722.755859,31971.914063,31971.914063,81163475344,0,1,1
18,2021-01-05,31977.041016,34437.589844,30221.1875,33992.429688,33992.429688,67547324782,1,0,0
19,2021-01-06,34013.613281,36879.699219,33514.035156,36824.363281,36824.363281,75289433811,2,0,0
20,2021-01-07,36833.875,40180.367188,36491.191406,39371.042969,39371.042969,84762141031,3,3,0
21,2021-01-08,39381.765625,41946.738281,36838.636719,40797.609375,40797.609375,88107519480,2,1,1
22,2021-01-09,40788.640625,41436.351563,38980.875,40254.546875,40254.546875,61984162837,3,0,0
23,2021-01-10,40254.21875,41420.191406,35984.628906,38356.441406,38356.441406,79980747690,2,1,1
24,2021-01-11,38346.53125,38346.53125,30549.599609,35566.65625,35566.65625,123320567399,1,1,4
25,2021-01-12,35516.359375,36568.527344,32697.976563,33922.960938,33922.960938,74773277909,2,0,1
26,2021-01-13,33915.121094,37599.960938,32584.667969,37316.359375,37316.359375,69364315979,2,0,1
27,2021-01-14,37325.109375,39966.40625,36868.5625,39187.328125,39187.328125,63615990033,4,1,0
28,2021-01-15,39156.707031,39577.710938,34659.589844,36825.367188,36825.367188,67760757881,1,1,0
29,2021-01-16,36821.648438,37864.367188,35633.554688,36178.140625,36178.140625,57706187875,0,2,0
30,2021-01-17,36163.648438,36722.351563,34069.320313,35791.277344,35791.277344,52359854336,3,1,1
31,2021-01-18,35792.238281,37299.285156,34883.84375,36630.074219,36630.074219,49511702429,2,1,0
32,2021-01-19,36642.234375,37755.890625,36069.804688,36069.804688,36069.804688,57244195486,2,0,1
33,2021-01-20,36050.113281,36378.328125,33570.476563,35547.75,35547.75,66834573161,2,2,0
34,2021-01-21,35549.398438,35552.679688,30250.75,30825.699219,30825.699219,75643067688,1,2,0
35,2021-01-22,30817.625,33811.851563,28953.373047,33005.761719,33005.761719,77207272511,1,1,0
36,2021-01-23,32985.757813,33360.976563,31493.160156,32067.642578,32067.642578,48354737975,2,1,0
37,2021-01-24,32064.376953,32944.007813,31106.685547,32289.378906,32289.378906,48643830599,1,2,1
38,2021-01-25,32285.798828,34802.742188,32087.787109,32366.392578,32366.392578,59897054838,1,1,0
39,2021-01-26,32358.613281,32794.550781,31030.265625,32569.849609,32569.849609,60255421470,2,2,0
40,2021-01-27,32564.029297,32564.029297,29367.138672,30432.546875,30432.546875,62576762015,1,0,3
41,2021-01-28,30441.041016,33858.3125,30023.207031,33466.097656,33466.097656,76517157706,2,0,0
42,2021-01-29,34318.671875,38406.261719,32064.814453,34316.386719,34316.386719,117894572511,1,1,3
43,2021-01-30,34295.933594,34834.707031,32940.1875,34269.523438,34269.523438,65141828798,1,2,0
44,2021-01-31,34270.878906,34288.332031,32270.175781,33114.359375,33114.359375,52754542671,1,0,0
45,2021-02-01,33114.578125,34638.214844,32384.228516,33537.175781,33537.175781,61400400660,3,2,0
46,2021-02-02,33533.199219,35896.882813,33489.21875,35510.289063,35510.289063,63088585433,2,1,0
47,2021-02-03,35510.820313,37480.1875,35443.984375,37472.089844,37472.089844,61166818159,3,1,0
48,2021-02-04,37475.105469,38592.175781,36317.5,36926.066406,36926.066406,68838074392,3,1,0
49,2021-02-05,36931.546875,38225.90625,36658.761719,38144.308594,38144.308594,58598066402,0,0,1
50,2021-02-06,38138.386719,40846.546875,38138.386719,39266.011719,39266.011719,71326033653,1,0,0
51,2021-02-07,39250.191406,39621.835938,37446.152344,38903.441406,38903.441406,65500641143,1,1,0
52,2021-02-08,38886.828125,46203.929688,38076.324219,46196.464844,46196.464844,101467222687,2,0,0
53,2021-02-09,46184.992188,48003.722656,45166.960938,46481.105469,46481.105469,91809846886,4,1,0
54,2021-02-10,46469.761719,47145.566406,43881.152344,44918.183594,44918.183594,87301089896,0,0,1
55,2021-02-11,44898.710938,48463.46875,44187.761719,47909.332031,47909.332031,81388911810,2,2,0
56,2021-02-12,47877.035156,48745.734375,46424.976563,47504.851563,47504.851563,76555041196,1,1,0
57,2021-02-13,47491.203125,48047.746094,46392.28125,47105.515625,47105.515625,70250456155,3,2,0
58,2021-02-14,47114.507813,49487.640625,47114.507813,48717.289063,48717.289063,71248675228,0,1,2
59,2021-02-15,48696.535156,48875.570313,46347.476563,47945.058594,47945.058594,77069903166,2,2,1
60,2021-02-16,47944.457031,50341.101563,47201.304688,49199.871094,49199.871094,77049582886,3,1,0
61,2021-02-17,49207.277344,52533.914063,49072.378906,52149.007813,52149.007813,80820545404,3,1,1
62,2021-02-18,52140.972656,52474.105469,51015.765625,51679.796875,51679.796875,52054723579,2,1,1
63,2021-02-19,51675.980469,56113.652344,50937.277344,55888.132813,55888.132813,63495496918,1,3,0
64,2021-02-20,55887.335938,57505.226563,54626.558594,56099.519531,56099.519531,68145460026,0,2,1
65,2021-02-21,56068.566406,58330.570313,55672.609375,57539.945313,57539.945313,51897585191,1,3,1
66,2021-02-22,57532.738281,57533.390625,48967.566406,54207.320313,54207.320313,92052420332,1,0,1
67,2021-02-23,54204.929688,54204.929688,45290.589844,48824.425781,48824.425781,106102492824,1,1,2
68,2021-02-24,48835.085938,51290.136719,47213.5,49705.332031,49705.332031,63695521388,3,2,2
69,2021-02-25,49709.082031,51948.96875,47093.851563,47093.851563,47093.851563,54506565949,1,0,1
70,2021-02-26,47180.464844,48370.785156,44454.84375,46339.761719,46339.761719,350967941479,2,1,1
71,2021-02-27,46344.773438,48253.269531,45269.027344,46188.453125,46188.453125,45910946382,0,3,1
72,2021-02-28,46194.015625,46716.429688,43241.617188,45137.769531,45137.769531,53443887451,0,3,1
73,2021-03-01,45159.503906,49784.015625,45115.09375,49631.242188,49631.242188,53891300112,2,1,0
74,2021-03-02,49612.105469,50127.511719,47228.84375,48378.988281,48378.988281,47530897720,1,2,0
75,2021-03-03,48415.816406,52535.136719,48274.320313,50538.242188,50538.242188,53220811975,2,2,0
76,2021-03-04,50522.304688,51735.089844,47656.929688,48561.167969,48561.167969,52343816680,1,1,1
77,2021-03-05,48527.03125,49396.429688,46542.515625,48927.304688,48927.304688,48625928883,2,0,0
78,2021-03-06,48899.230469,49147.21875,47257.527344,48912.382813,48912.382813,34363564661,1,1,0
79,2021-03-07,48918.679688,51384.367188,48918.679688,51206.691406,51206.691406,43137459378,0,0,1
80,2021-03-08,51174.117188,52314.070313,49506.054688,52246.523438,52246.523438,48597428048,1,0,0
81,2021-03-09,52272.96875,54824.117188,51981.832031,54824.117188,54824.117188,50912227385,1,2,1
82,2021-03-10,54824.011719,57258.253906,53290.890625,56008.550781,56008.550781,57295577614,2,2,0
83,2021-03-11,55963.179688,58091.0625,54484.59375,57805.121094,57805.121094,56772343595,2,2,0
84,2021-03-12,57821.21875,57996.621094,55376.648438,57332.089844,57332.089844,55689944702,1,2,1
85,2021-03-13,57343.371094,61683.863281,56217.972656,61243.085938,61243.085938,60669829814,1,1,0
86,2021-03-14,61221.132813,61597.917969,59302.316406,59302.316406,59302.316406,43901225564,0,0,1
87,2021-03-15,59267.429688,60540.992188,55393.164063,55907.199219,55907.199219,66419369890,1,1,1
88,2021-03-16,55840.785156,56833.179688,53555.027344,56804.902344,56804.902344,59749798599,0,2,1
89,2021-03-17,56825.828125,58969.816406,54528.628906,58870.894531,58870.894531,60258313191,1,0,0
90,2021-03-18,58893.078125,60116.25,54253.578125,57858.921875,57858.921875,55746041000,1,2,3
91,2021-03-19,57850.441406,59498.375,56643.703125,58346.652344,58346.652344,49063873786,2,0,1
92,2021-03-20,58332.261719,60031.285156,58213.296875,58313.644531,58313.644531,50361731222,1,1,0
93,2021-03-21,58309.914063,58767.898438,56005.617188,57523.421875,57523.421875,51943414539,0,2,1
94,2021-03-22,57517.890625,58471.480469,54288.15625,54529.144531,54529.144531,56521454974,2,1,0
95,2021-03-23,54511.660156,55985.441406,53470.695313,54738.945313,54738.945313,56435023914,1,1,1
96,2021-03-24,54710.488281,57262.382813,52514.332031,52774.265625,52774.265625,70567223787,2,2,1
97,2021-03-25,52726.746094,53392.386719,50856.570313,51704.160156,51704.160156,67999812841,1,0,0
98,2021-03-26,51683.011719,55137.3125,51579.855469,55137.3125,55137.3125,56652197978,0,0,1
99,2021-03-27,55137.566406,56568.214844,54242.910156,55973.511719,55973.511719,47266542233,4,0,0
100,2021-03-29,55947.898438,58342.097656,55139.339844,57750.199219,57750.199219,57625587027,0,4,0
101,2021-03-30,57750.132813,59447.222656,57251.550781,58917.691406,58917.691406,54414116432,2,1,0
102,2021-03-31,58930.277344,59930.027344,57726.417969,58918.832031,58918.832031,65520826225,0,2,1
103,2021-04-01,58926.5625,59586.070313,58505.277344,59095.808594,59095.808594,61669163792,2,3,0
104,2021-04-02,59098.878906,60267.1875,58869.28125,59384.3125,59384.3125,58727860620,1,1,0
105,2021-04-03,59397.410156,60110.269531,57603.890625,57603.890625,57603.890625,59641344484,0,3,0
106,2021-04-04,57604.839844,58913.746094,57168.675781,58758.554688,58758.554688,50749662970,2,1,1
107,2021-04-05,58760.875,59891.296875,57694.824219,59057.878906,59057.878906,60706272115,4,2,0
108,2021-04-06,59171.933594,59479.578125,57646.808594,58192.359375,58192.359375,66058027988,1,1,0
109,2021-04-07,58186.507813,58731.144531,55604.023438,56048.9375,56048.9375,75645303584,1,0,0
110,2021-04-08,56099.914063,58338.738281,55879.085938,58323.953125,58323.953125,53053855641,1,2,0
111,2021-04-09,58326.5625,58937.046875,57807.863281,58245.003906,58245.003906,46655208546,3,2,0
112,2021-04-10,58253.777344,61276.664063,58038.707031,59793.234375,59793.234375,58238470525,1,3,1
113,2021-04-11,59846.230469,60790.554688,59289.796875,60204.964844,60204.964844,46280252580,2,1,1
114,2021-04-12,60175.945313,61253.035156,59589.875,59893.453125,59893.453125,51828688519,2,1,1
115,2021-04-13,59890.019531,63742.285156,59869.957031,63503.457031,63503.457031,69983454362,2,1,0
116,2021-04-14,63523.753906,64863.097656,61554.796875,63109.695313,63109.695313,77451779687,1,1,0
117,2021-04-15,63075.195313,63821.671875,62208.964844,63314.011719,63314.011719,60954381579,1,0,0
118,2021-04-16,63258.503906,63594.722656,60222.53125,61572.789063,61572.789063,84293007468,2,4,3
119,2021-04-17,61529.921875,62572.175781,60361.351563,60683.820313,60683.820313,66138759198,1,1,1
120,2021-04-18,60701.886719,61057.457031,52829.535156,56216.183594,56216.183594,97468872758,0,3,1
121,2021-04-19,56191.585938,57520.054688,54368.59375,55724.265625,55724.265625,65344865159,3,4,1
122,2021-04-20,55681.792969,57062.148438,53448.046875,56473.03125,56473.03125,67849323955,4,0,0
123,2021-04-21,56471.128906,56757.972656,53695.46875,53906.089844,53906.089844,54926612466,1,1,3
124,2021-04-22,53857.105469,55410.230469,50583.8125,51762.273438,51762.273438,74798630778,4,8,0
125,2021-04-23,51739.808594,52120.792969,47714.664063,51093.652344,51093.652344,86668667320,1,3,2
126,2021-04-24,51143.226563,51167.5625,48805.285156,50050.867188,50050.867188,49014494781,1,1,1
127,2021-04-25,50052.832031,50506.019531,47159.484375,49004.253906,49004.253906,46117114240,1,0,2
128,2021-04-26,49077.792969,54288.003906,48852.796875,54021.753906,54021.753906,58284039825,3,6,0
129,2021-04-27,54030.304688,55416.964844,53319.1875,55033.117188,55033.117188,49448222757,5,6,0
130,2021-04-28,55036.636719,56227.207031,53887.917969,54824.703125,54824.703125,48000572955,4,8,1
131,2021-04-29,54858.089844,55115.84375,52418.027344,53555.109375,53555.109375,46088929780,7,4,0
132,2021-04-30,53568.664063,57900.71875,53129.601563,57750.175781,57750.175781,52395931985,3,2,2
133,2021-05-01,57714.664063,58448.339844,57052.273438,57828.050781,57828.050781,42836427360,3,2,1
134,2021-05-02,57825.863281,57902.59375,56141.90625,56631.078125,56631.078125,38177405335,1,1,2
135,2021-05-03,56620.273438,58973.308594,56590.871094,57200.292969,57200.292969,51713139031,3,4,0
136,2021-05-04,57214.179688,57214.179688,53191.425781,53333.539063,53333.539063,68564706967,2,5,1
137,2021-05-05,53252.164063,57911.363281,52969.054688,57424.007813,57424.007813,69241316747,2,9,0
138,2021-05-06,57441.308594,58363.316406,55382.507813,56396.515625,56396.515625,69523285106,4,4,0
139,2021-05-07,56413.953125,58606.632813,55321.847656,57356.402344,57356.402344,68434023376,3,9,1
140,2021-05-08,57352.765625,59464.613281,56975.210938,58803.777344,58803.777344,65382980634,3,2,1
141,2021-05-09,58877.390625,59210.882813,56482.003906,58232.316406,58232.316406,65906690347,1,2,0
142,2021-05-10,58250.871094,59519.355469,54071.457031,55859.796875,55859.796875,71776546298,2,6,1
143,2021-05-11,55847.242188,56872.542969,54608.652344,56704.574219,56704.574219,61308396325,4,7,0
144,2021-05-12,56714.53125,57939.363281,49150.535156,49150.535156,49150.535156,75215403907,2,6,1
145,2021-05-13,49735.433594,51330.84375,46980.019531,49716.191406,49716.191406,96721152926,4,5,4
146,2021-05-14,49682.980469,51438.117188,48868.578125,49880.535156,49880.535156,55737497453,4,8,2
147,2021-05-15,49855.496094,50639.664063,46664.140625,46760.1875,46760.1875,59161047474,3,0,0
148,2021-05-16,46716.636719,49720.042969,43963.351563,46456.058594,46456.058594,64047871555,1,3,0
149,2021-05-17,46415.898438,46623.558594,42207.289063,43537.511719,43537.511719,74903638450,1,5,3
150,2021-05-18,43488.058594,45812.457031,42367.832031,42909.402344,42909.402344,56187365084,5,7,3
151,2021-05-19,42944.976563,43546.117188,30681.496094,37002.441406,37002.441406,126358098747,1,4,2
152,2021-05-20,36753.667969,42462.984375,35050.617188,40782.738281,40782.738281,88281943359,3,5,2
153,2021-05-21,40596.949219,42172.171875,33616.453125,37304.691406,37304.691406,82051616861,3,6,2
154,2021-05-22,37371.03125,38831.054688,35383.683594,37536.632813,37536.632813,57377273240,0,2,1
155,2021-05-23,37531.449219,38289.21875,31227.339844,34770.582031,34770.582031,78469274361,2,0,3
156,2021-05-24,34700.363281,39835.140625,34551.082031,38705.980469,38705.980469,67359584098,4,8,3
157,2021-05-25,38795.78125,39776.351563,36581.429688,38402.222656,38402.222656,56211915803,3,5,2
158,2021-05-26,38392.625,40782.078125,37905.835938,39294.199219,39294.199219,51346735160,4,6,5
159,2021-05-27,39316.890625,40379.617188,37247.902344,38436.96875,38436.96875,43210968721,2,8,1
160,2021-05-28,38507.082031,38856.96875,34779.039063,35697.605469,35697.605469,55200191952,5,6,2
161,2021-05-29,35684.15625,37234.5,33693.929688,34616.066406,34616.066406,45231013335,2,0,1
162,2021-05-30,34607.40625,36400.667969,33520.738281,35678.128906,35678.128906,31646080921,1,2,1
163,2021-05-31,35658.59375,37468.25,34241.945313,37332.855469,37332.855469,39009847639,3,8,1
164,2021-06-01,37293.792969,37896.734375,35787.085938,36684.925781,36684.925781,34639423297,1,1,0
165,2021-06-02,36699.921875,38231.339844,35966.308594,37575.179688,37575.179688,33070867190,3,9,0
166,2021-06-03,37599.410156,39478.953125,37243.972656,39208.765625,39208.765625,35460750427,1,5,0
167,2021-06-04,39242.484375,39242.484375,35717.722656,36894.40625,36894.40625,41831090187,2,6,2
168,2021-06-05,36880.15625,37917.714844,34900.414063,35551.957031,35551.957031,35959473399,0,8,1
169,2021-06-06,35538.609375,36436.421875,35304.578125,35862.378906,35862.378906,28913440585,1,5,0
170,2021-06-07,35835.265625,36790.570313,33480.640625,33560.707031,33560.707031,33683936663,3,5,3
171,2021-06-08,33589.519531,34017.386719,31114.443359,33472.632813,33472.632813,49902050442,3,9,0
172,2021-06-09,33416.976563,37537.371094,32475.865234,37345.121094,37345.121094,53972919008,3,9,3
173,2021-06-10,37389.515625,38334.324219,35847.59375,36702.597656,36702.597656,43576032854,2,9,3
174,2021-06-11,36697.03125,37608.695313,36044.449219,37334.398438,37334.398438,38699736985,1,5,1
175,2021-06-12,37340.144531,37408.925781,34728.191406,35552.515625,35552.515625,37924228550,5,4,0
176,2021-06-13,35555.789063,39322.78125,34864.109375,39097.859375,39097.859375,40669112838,1,3,2
177,2021-06-14,39016.96875,40978.363281,38757.285156,40218.476563,40218.476563,43148914673,6,4,2
178,2021-06-15,40427.167969,41295.269531,39609.46875,40406.269531,40406.269531,46420149185,1,9,0
179,2021-06-16,40168.691406,40516.777344,38176.035156,38347.0625,38347.0625,39211635100,5,7,0
180,2021-06-17,38341.421875,39513.671875,37439.675781,38053.503906,38053.503906,37096670047,2,6,2
181,2021-06-18,38099.476563,38187.261719,35255.855469,35787.246094,35787.246094,36200887275,0,9,4
182,2021-06-19,35854.527344,36457.796875,34933.0625,35615.871094,35615.871094,31207279719,0,3,2
183,2021-06-20,35563.140625,36059.484375,33432.074219,35698.296875,35698.296875,36664034054,0,2,3
184,2021-06-21,35641.144531,35721.640625,31295.935547,31676.693359,31676.693359,52809038594,4,8,2
185,2021-06-22,31622.376953,33292.453125,28893.621094,32505.660156,32505.660156,58964353058,3,9,5
186,2021-06-23,32515.714844,34753.410156,31772.632813,33723.027344,33723.027344,46317108925,2,7,5
187,2021-06-24,33682.800781,35228.851563,32385.214844,34662.4375,34662.4375,33123368116,2,5,2
188,2021-06-25,34659.105469,35487.246094,31350.884766,31637.779297,31637.779297,40230904226,0,8,0
189,2021-06-26,31594.664063,32637.587891,30184.501953,32186.277344,32186.277344,38585385521,1,4,1
190,2021-06-27,32287.523438,34656.128906,32071.757813,34649.644531,34649.644531,35511640894,1,3,2
191,2021-06-28,34679.121094,35219.890625,33902.074219,34434.335938,34434.335938,33892523752,1,5,3
192,2021-06-29,34475.558594,36542.109375,34252.484375,35867.777344,35867.777344,37901460044,6,5,0
193,2021-06-30,35908.386719,36074.757813,34086.152344,35040.835938,35040.835938,34059036099,0,4,0
194,2021-07-01,35035.984375,35035.984375,32883.78125,33572.117188,33572.117188,37838957079,3,5,0
195,2021-07-02,33549.601563,33939.589844,32770.679688,33897.046875,33897.046875,38728974942,1,5,2
196,2021-07-03,33854.421875,34909.261719,33402.695313,34668.546875,34668.546875,24383958643,0,1,1
197,2021-07-04,34665.566406,35937.566406,34396.476563,35287.78125,35287.78125,24924307911,3,2,0
198,2021-07-05,35284.34375,35284.34375,33213.660156,33746.003906,33746.003906,26721554282,1,1,0
199,2021-07-06,33723.507813,35038.535156,33599.917969,34235.195313,34235.195313,26501259870,0,5,1
200,2021-07-07,34225.679688,34997.664063,33839.289063,33855.328125,33855.328125,24796027477,1,5,1
201,2021-07-08,33889.605469,33907.90625,32133.183594,32877.371094,32877.371094,29910396946,3,3,1
202,2021-07-09,32861.671875,34042.292969,32318.880859,33798.011719,33798.011719,27436021028,4,3,2
203,2021-07-10,33811.242188,34209.070313,33116.011719,33520.519531,33520.519531,22971873468,2,3,1
204,2021-07-11,33509.078125,34584.703125,33346.738281,34240.1875,34240.1875,20108729370,1,0,1
205,2021-07-12,34254.015625,34592.15625,32697.308594,33155.847656,33155.847656,24321499537,3,4,2
206,2021-07-13,33125.46875,33327.101563,32261.419922,32702.025391,32702.025391,19120856669,2,7,1
207,2021-07-14,32723.845703,33061.398438,31639.125,32822.347656,32822.347656,21376531210,3,8,1
208,2021-07-15,32827.875,33159.640625,31175.708984,31780.730469,31780.730469,21300524237,6,2,1
209,2021-07-16,31841.550781,32218.40625,31100.673828,31421.539063,31421.539063,23699476918,1,2,0
210,2021-07-17,31397.308594,31935.945313,31223.990234,31533.068359,31533.068359,18895018942,1,2,1
211,2021-07-18,31533.884766,32398.996094,31215.492188,31796.810547,31796.810547,18787986667,2,0,1
212,2021-07-19,31800.011719,31885.859375,30563.734375,30817.832031,30817.832031,20434789545,3,4,2
213,2021-07-20,30838.285156,31006.1875,29360.955078,29807.347656,29807.347656,23148267245,4,7,2
214,2021-07-21,29796.285156,32752.326172,29526.183594,32110.693359,32110.693359,28203024559,3,5,2
215,2021-07-22,32138.873047,32576.400391,31745.298828,32313.105469,32313.105469,19555230518,1,4,0
216,2021-07-23,32305.958984,33581.550781,32057.892578,33581.550781,33581.550781,22552046192,3,3,0
217,2021-07-24,33593.730469,34490.390625,33424.859375,34292.445313,34292.445313,21664706865,0,4,0
218,2021-07-25,34290.292969,35364.925781,33881.835938,35350.1875,35350.1875,20856685287,3,0,0
219,2021-07-26,35384.03125,40499.675781,35287.3125,37337.535156,37337.535156,51022126212,6,7,0
220,2021-07-27,37276.035156,39406.941406,36441.726563,39406.941406,39406.941406,35097370560,6,3,1
221,2021-07-28,39503.1875,40816.070313,38862.4375,39995.90625,39995.90625,38702404695,5,7,0
222,2021-07-29,39995.453125,40593.070313,39352.058594,40008.421875,40008.421875,27167146027,6,8,0
223,2021-07-30,40027.484375,42235.546875,38397.355469,42235.546875,42235.546875,33072782960,3,8,1
224,2021-07-31,42196.304688,42231.449219,41110.832031,41626.195313,41626.195313,25802845343,2,0,0
225,2021-08-01,41460.84375,42541.679688,39540.941406,39974.894531,39974.894531,26688438115,2,1,0
226,2021-08-02,39907.261719,40419.179688,38746.347656,39201.945313,39201.945313,25595265436,4,5,2
227,2021-08-03,39178.402344,39750.03125,37782.050781,38152.980469,38152.980469,26189830450,4,7,0
228,2021-08-04,38213.332031,39952.296875,37589.164063,39747.503906,39747.503906,25372562724,2,2,2
229,2021-08-05,39744.515625,41341.933594,37458.003906,40869.554688,40869.554688,35185031017,6,4,0
230,2021-08-06,40865.867188,43271.660156,39932.179688,42816.5,42816.5,38226483046,5,6,0
231,2021-08-07,42832.796875,44689.859375,42618.566406,44555.800781,44555.800781,40030862141,0,2,0
232,2021-08-08,44574.4375,45282.351563,43331.910156,43798.117188,43798.117188,36302664750,1,0,0
233,2021-08-09,43791.925781,46456.832031,42848.6875,46365.402344,46365.402344,38734079049,3,8,1
234,2021-08-10,46280.847656,46637.988281,44705.554688,45585.03125,45585.03125,33546019517,6,6,1
235,2021-08-11,45599.703125,46735.632813,45351.710938,45593.636719,45593.636719,34319709073,7,6,0
236,2021-08-12,45576.878906,46228.910156,43861.445313,44428.289063,44428.289063,33723620826,2,7,0
237,2021-08-13,44439.691406,47831.976563,44282.417969,47793.320313,47793.320313,31744259539,3,4,0
238,2021-08-14,47810.6875,48098.683594,46177.632813,47096.945313,47096.945313,31211354442,2,1,0
239,2021-08-15,47096.667969,47357.105469,45579.589844,47047.003906,47047.003906,30988958446,1,3,0
240,2021-08-16,47019.960938,47998.097656,45700.320313,46004.484375,46004.484375,32776876610,3,6,0
241,2021-08-17,45936.457031,47139.570313,44512.417969,44695.359375,44695.359375,33451362600,2,5,1
242,2021-08-18,44686.75,45952.0625,44364.027344,44801.1875,44801.1875,32194123075,3,9,3
243,2021-08-19,44741.882813,46970.761719,43998.316406,46717.578125,46717.578125,37204312299,2,5,2
244,2021-08-20,46723.121094,49342.152344,46650.707031,49339.175781,49339.175781,34706867452,1,5,0
245,2021-08-21,49327.074219,49717.019531,48312.199219,48905.492188,48905.492188,40585205312,2,1,0
246,2021-08-23,49291.675781,50482.078125,49074.605469,49546.148438,49546.148438,34305053719,3,5,0
247,2021-08-24,49562.347656,49878.769531,47687.117188,47706.117188,47706.117188,35361168834,3,3,0
248,2021-08-25,47727.257813,49202.878906,47163.613281,48960.789063,48960.789063,32646349931,7,2,1
249,2021-08-26,49002.640625,49347.582031,46405.78125,46942.21875,46942.21875,32666549568,1,4,0
250,2021-08-27,46894.554688,49112.785156,46394.28125,49058.667969,49058.667969,34511076995,1,3,0
251,2021-08-28,49072.585938,49283.503906,48499.238281,48902.402344,48902.402344,28568103401,1,2,0
252,2021-08-29,48911.25,49644.113281,47925.855469,48829.832031,48829.832031,25889650240,1,5,0
253,2021-08-30,48834.851563,48925.605469,46950.273438,47054.984375,47054.984375,31847007016,4,6,1
254,2021-08-31,47024.339844,48189.550781,46750.09375,47166.6875,47166.6875,34730363427,5,2,0
255,2021-09-01,47099.773438,49111.089844,46562.4375,48847.027344,48847.027344,39139399125,0,8,0
256,2021-09-02,48807.847656,50343.421875,48652.320313,49327.722656,49327.722656,39508070319,1,7,0
257,2021-09-03,49288.25,50982.273438,48386.085938,50025.375,50025.375,43206179619,3,4,1
258,2021-09-04,50009.324219,50545.582031,49548.78125,49944.625,49944.625,37471327794,2,2,0
259,2021-09-05,49937.859375,51868.679688,49538.597656,51753.410156,51753.410156,30322676319,3,3,1
260,2021-09-06,51769.003906,52700.941406,51053.679688,52633.535156,52633.535156,38884105426,2,5,0
261,2021-09-07,52660.480469,52853.765625,43285.207031,46811.128906,46811.128906,65210059683,6,5,1
262,2021-09-08,46827.761719,47334.054688,44561.394531,46091.390625,46091.390625,49007762488,4,8,3
263,2021-09-09,45774.742188,47261.949219,45669.738281,46391.421875,46391.421875,38672657013,0,7,3
264,2021-09-10,46396.664063,47031.742188,44344.484375,44883.910156,44883.910156,39154666597,2,6,1
265,2021-09-11,44869.839844,45969.292969,44818.265625,45201.457031,45201.457031,34499835245,3,3,0
266,2021-09-12,45206.628906,46364.878906,44790.460938,46063.269531,46063.269531,27881980161,0,2,1
267,2021-09-13,46057.214844,46598.679688,43591.320313,44963.074219,44963.074219,40969943253,4,5,0
268,2021-09-14,44960.050781,47218.125,44752.332031,47092.492188,47092.492188,38652152880,5,4,1
269,2021-09-15,47098.0,48450.46875,46773.328125,48176.347656,48176.347656,30484496466,3,9,1
270,2021-09-16,48158.90625,48486.828125,47079.558594,47783.359375,47783.359375,31764293754,3,8,1
271,2021-09-17,47771.003906,48160.921875,46832.523438,47267.519531,47267.519531,28727713711,4,3,1
272,2021-09-18,47273.527344,48791.78125,47087.285156,48278.363281,48278.363281,28575630451,2,2,1
273,2021-09-19,48268.855469,48328.367188,46919.804688,47260.21875,47260.21875,26967722648,2,1,0
274,2021-09-20,47261.40625,47328.199219,42598.914063,42843.800781,42843.800781,43909845642,2,6,1
275,2021-09-21,43012.234375,43607.609375,39787.609375,40693.675781,40693.675781,48701090088,2,6,4
276,2021-09-22,40677.953125,43978.621094,40625.632813,43574.507813,43574.507813,38139709246,1,5,0
277,2021-09-23,43560.296875,44942.175781,43109.339844,44895.097656,44895.097656,34244064430,2,7,0
278,2021-09-24,44894.300781,45080.492188,40936.558594,42839.75,42839.75,42839345714,4,2,1
279,2021-09-25,42840.890625,42996.257813,41759.921875,42716.59375,42716.59375,31604717236,2,0,0
280,2021-09-26,42721.628906,43919.300781,40848.460938,43208.539063,43208.539063,30661222077,1,4,1
281,2021-09-27,43234.183594,44313.246094,42190.632813,42235.730469,42235.730469,30980029059,4,3,1
282,2021-09-28,42200.898438,42775.144531,40931.664063,41034.542969,41034.542969,30214940550,2,8,0
283,2021-09-29,41064.984375,42545.257813,40829.667969,41564.363281,41564.363281,30602359905,3,9,1
284,2021-09-30,41551.269531,44092.601563,41444.582031,43790.894531,43790.894531,31141681925,1,7,0
285,2021-10-01,43816.742188,48436.011719,43320.023438,48116.941406,48116.941406,42850641582,2,3,1
286,2021-10-02,48137.46875,48282.0625,47465.496094,47711.488281,47711.488281,30614346492,1,1,1
287,2021-10-03,47680.027344,49130.691406,47157.289063,48199.953125,48199.953125,26638115879,1,1,1
288,2021-10-04,48208.90625,49456.777344,47045.003906,49112.902344,49112.902344,33383173002,6,4,2
289,2021-10-05,49174.960938,51839.984375,49072.839844,51514.8125,51514.8125,35873904236,4,9,0
290,2021-10-06,51486.664063,55568.464844,50488.191406,55361.449219,55361.449219,49034730168,1,4,2
291,2021-10-07,55338.625,55338.625,53525.46875,53805.984375,53805.984375,36807860413,6,2,0
292,2021-10-08,53802.144531,55922.980469,53688.054688,53967.847656,53967.847656,34800873924,1,2,0
293,2021-10-09,53929.78125,55397.945313,53735.144531,54968.222656,54968.222656,32491211414,1,0,0
294,2021-10-10,54952.820313,56401.304688,54264.257813,54771.578125,54771.578125,39527792364,1,0,0
295,2021-10-11,54734.125,57793.039063,54519.765625,57484.789063,57484.789063,42637331698,4,7,0
296,2021-10-12,57526.832031,57627.878906,54477.972656,56041.058594,56041.058594,41083758949,3,5,0
297,2021-10-13,56038.257813,57688.660156,54370.972656,57401.097656,57401.097656,41684252783,2,8,2
298,2021-10-14,57372.832031,58478.734375,56957.074219,57321.523438,57321.523438,36615791366,4,12,0
299,2021-10-15,57345.902344,62757.128906,56868.144531,61593.949219,61593.949219,51780081801,10,2,2
300,2021-10-16,61609.527344,62274.476563,60206.121094,60892.179688,60892.179688,34250964237,1,6,2
301,2021-10-17,60887.652344,61645.523438,59164.46875,61553.617188,61553.617188,29032367511,1,5,1
302,2021-10-18,61548.804688,62614.660156,60012.757813,62026.078125,62026.078125,38055562075,1,9,3
303,2021-10-19,62043.164063,64434.535156,61622.933594,64261.992188,64261.992188,40471196346,5,7,1
304,2021-10-20,64284.585938,66930.390625,63610.675781,65992.835938,65992.835938,40788955582,7,8,0
305,2021-10-21,66002.234375,66600.546875,62117.410156,62210.171875,62210.171875,45908121370,5,4,1
306,2021-10-22,62237.890625,63715.023438,60122.796875,60692.265625,60692.265625,38434082775,5,4,1
307,2021-10-23,60694.628906,61743.878906,59826.523438,61393.617188,61393.617188,26882546034,3,2,0
308,2021-10-24,61368.34375,61505.804688,59643.34375,60930.835938,60930.835938,27316183882,3,3,0
309,2021-10-25,60893.925781,63729.324219,60691.800781,63039.824219,63039.824219,31064911614,3,4,0
310,2021-10-26,63032.761719,63229.027344,59991.160156,60363.792969,60363.792969,34878965587,2,6,0
311,2021-10-27,60352.0,61435.183594,58208.1875,58482.386719,58482.386719,43657076893,1,6,0
312,2021-10-28,58470.730469,62128.632813,58206.917969,60622.136719,60622.136719,45257083247,3,3,2
313,2021-10-29,60624.871094,62927.609375,60329.964844,62227.964844,62227.964844,36856881767,4,5,0
314,2021-10-30,62239.363281,62330.144531,60918.386719,61888.832031,61888.832031,32157938616,1,4,1
315,2021-10-31,61850.488281,62406.171875,60074.328125,61318.957031,61318.957031,32241199927,1,4,1
316,2021-11-01,61320.449219,62419.003906,59695.183594,61004.40625,61004.40625,36150572843,3,8,0
317,2021-11-02,60963.253906,64242.792969,60673.054688,63226.402344,63226.402344,37746665647,2,7,1
318,2021-11-03,63254.335938,63516.9375,61184.238281,62970.046875,62970.046875,36124731509,3,8,2
319,2021-11-04,62941.804688,63123.289063,60799.664063,61452.230469,61452.230469,32615846901,1,11,0
320,2021-11-05,61460.078125,62541.46875,60844.609375,61125.675781,61125.675781,30605102446,3,4,0
321,2021-11-06,61068.875,61590.683594,60163.78125,61527.480469,61527.480469,29094934221,1,4,0
322,2021-11-07,61554.921875,63326.988281,61432.488281,63326.988281,63326.988281,24726754302,0,2,1
323,2021-11-08,63344.066406,67673.742188,63344.066406,67566.828125,67566.828125,41125608330,3,7,0
324,2021-11-09,67549.734375,68530.335938,66382.0625,66971.828125,66971.828125,42357991721,4,4,0
325,2021-11-10,66953.335938,68789.625,63208.113281,64995.230469,64995.230469,48730828378,2,7,0
326,2021-11-11,64978.890625,65579.015625,64180.488281,64949.960938,64949.960938,35880633236,4,5,1
327,2021-11-12,64863.980469,65460.816406,62333.914063,64155.941406,64155.941406,36084893887,2,2,3
328,2021-11-13,64158.121094,64915.675781,63303.734375,64469.527344,64469.527344,30474228777,3,1,0
329,2021-11-14,64455.371094,65495.179688,63647.808594,65466.839844,65466.839844,25122092191,3,6,0
330,2021-11-15,65521.289063,66281.570313,63548.144531,63557.871094,63557.871094,30558763548,2,4,1
331,2021-11-16,63721.195313,63721.195313,59016.335938,60161.246094,60161.246094,46844335592,3,7,0
332,2021-11-17,60139.621094,60823.609375,58515.410156,60368.011719,60368.011719,39178392930,4,4,1
333,2021-11-18,60360.136719,60948.5,56550.792969,56942.136719,56942.136719,41388338699,2,6,0
334,2021-11-19,56896.128906,58351.113281,55705.179688,58119.578125,58119.578125,38702407772,2,5,4
335,2021-11-20,58115.082031,59859.878906,57469.726563,59697.195313,59697.195313,30624264863,4,3,0
336,2021-11-21,59730.507813,60004.425781,58618.929688,58730.476563,58730.476563,26123447605,3,3,0
337,2021-11-22,58706.847656,59266.359375,55679.839844,56289.289063,56289.289063,35036121783,0,6,0
338,2021-11-23,56304.554688,57875.515625,55632.761719,57569.074219,57569.074219,37485803899,2,7,1
339,2021-11-24,57565.851563,57803.066406,55964.222656,56280.425781,56280.425781,36635566789,3,7,1
340,2021-11-25,57165.417969,59367.96875,57146.683594,57274.679688,57274.679688,34284016248,1,3,1
341,2021-11-26,58960.285156,59183.480469,53569.765625,53569.765625,53569.765625,41810748221,2,2,0
342,2021-11-27,53736.429688,55329.257813,53668.355469,54815.078125,54815.078125,30560857714,0,0,1
343,2021-11-28,54813.023438,57393.84375,53576.734375,57248.457031,57248.457031,28116886357,1,2,1
344,2021-11-29,57291.90625,58872.878906,56792.527344,57806.566406,57806.566406,32370840356,3,6,1
345,2021-11-30,57830.113281,59113.402344,56057.28125,57005.425781,57005.425781,36708594618,3,6,0
346,2021-12-01,56907.964844,59041.683594,56553.082031,57229.828125,57229.828125,36858195307,4,7,0
347,2021-12-02,57217.371094,57349.234375,55895.132813,56477.816406,56477.816406,32379968686,0,5,2
348,2021-12-03,56509.164063,57482.167969,52496.585938,53598.246094,53598.246094,39789134215,1,3,2
349,2021-12-04,53727.878906,53904.679688,42874.617188,49200.703125,49200.703125,61385677469,1,4,1
350,2021-12-05,49201.519531,49768.148438,47857.496094,49368.847656,49368.847656,37198201161,2,2,0
351,2021-12-06,49413.480469,50929.519531,47281.035156,50582.625,50582.625,37707308001,0,7,1
352,2021-12-07,50581.828125,51934.78125,50175.808594,50700.085938,50700.085938,33676814852,5,2,1
353,2021-12-08,50667.648438,51171.375,48765.988281,50504.796875,50504.796875,28479699446,2,7,1
354,2021-12-09,50450.082031,50797.164063,47358.351563,47672.121094,47672.121094,29603577251,1,6,3
355,2021-12-10,47642.144531,50015.253906,47023.699219,47243.304688,47243.304688,30966005122,2,1,1
356,2021-12-11,47264.632813,49458.210938,46942.347656,49362.507813,49362.507813,25775869261,1,3,0
357,2021-12-12,49354.855469,50724.867188,48725.851563,50098.335938,50098.335938,21939223599,2,4,0
358,2021-12-13,50114.742188,50205.0,45894.847656,46737.480469,46737.480469,32166727776,2,3,1
359,2021-12-14,46709.824219,48431.398438,46424.496094,46612.632813,46612.632813,34638619079,2,3,3
360,2021-12-15,48379.753906,49473.957031,46671.964844,48896.722656,48896.722656,36541828520,5,5,1
361,2021-12-16,48900.464844,49425.574219,47529.878906,47665.425781,47665.425781,27268150947,3,3,3
362,2021-12-17,47653.730469,48004.894531,45618.214844,46202.144531,46202.144531,32902725329,3,6,0
363,2021-12-18,46219.253906,47313.828125,45598.441406,46848.777344,46848.777344,26098292690,0,3,2
364,2021-12-19,46853.867188,48089.664063,46502.953125,46707.015625,46707.015625,25154053861,1,0,1
365,2021-12-20,46707.0625,47401.71875,45579.808594,46880.277344,46880.277344,30961902129,1,3,2
366,2021-12-21,46886.078125,49300.917969,46698.773438,48936.613281,48936.613281,27055803928,1,7,1
367,2021-12-22,48937.097656,49544.796875,48450.941406,48628.511719,48628.511719,24447979559,4,4,0
368,2021-12-23,48626.34375,51332.339844,48065.835938,50784.539063,50784.539063,28223878108,4,6,0
369,2021-12-24,50806.050781,51814.027344,50514.496094,50822.195313,50822.195313,24367912228,1,4,0
370,2021-12-25,50854.917969,51176.597656,50236.707031,50429.859375,50429.859375,19030650914,0,1,1
371,2021-12-26,50428.691406,51196.378906,49623.105469,50809.515625,50809.515625,20964372926,1,0,0
372,2021-12-27,50802.609375,51956.328125,50499.46875,50640.417969,50640.417969,24324345758,2,1,1
373,2021-12-28,50679.859375,50679.859375,47414.210938,47588.855469,47588.855469,33430376883,1,2,1
374,2021-12-29,47623.871094,48119.742188,46201.496094,46444.710938,46444.710938,30049226299,2,3,2
375,2021-12-30,46490.605469,47879.964844,46060.3125,47178.125,47178.125,26686491018,4,2,1
376,2021-12-31,47169.371094,48472.527344,45819.953125,46306.445313,46306.445313,36974172400,1,5,0
377,2022-01-01,46311.746094,47827.3125,46288.484375,47686.8125,47686.8125,24582667004,1,3,0
378,2022-01-02,47680.925781,47881.40625,46856.9375,47345.21875,47345.21875,27951569547,3,3,0
379,2022-01-03,47343.542969,47510.726563,45835.964844,46458.117188,46458.117188,33071628362,4,7,0
380,2022-01-04,46458.851563,47406.546875,45752.464844,45897.574219,45897.574219,42494677905,4,5,0
381,2022-01-05,45899.359375,46929.046875,42798.222656,43569.003906,43569.003906,36851084859,0,7,1
382,2022-01-06,43565.511719,43748.71875,42645.539063,43160.929688,43160.929688,30208048289,3,0,2
383,2022-01-07,43153.570313,43153.570313,41077.445313,41557.902344,41557.902344,84196607520,3,3,2
384,2022-01-08,41561.464844,42228.941406,40672.277344,41733.941406,41733.941406,28066355845,0,1,1
385,2022-01-09,41734.726563,42663.949219,41338.160156,41911.601563,41911.601563,21294384372,1,2,2
386,2022-01-10,41910.230469,42199.484375,39796.570313,41821.261719,41821.261719,32104232331,3,5,2
387,2022-01-11,41819.507813,43001.15625,41407.753906,42735.855469,42735.855469,26327648900,4,5,2
388,2022-01-12,42742.179688,44135.367188,42528.988281,43949.101563,43949.101563,33499938689,5,4,0
389,2022-01-13,43946.742188,44278.421875,42447.042969,42591.570313,42591.570313,47691135082,2,6,1
390,2022-01-14,42598.871094,43346.6875,41982.617188,43099.699219,43099.699219,23577403399,2,6,2
391,2022-01-15,43101.898438,43724.671875,42669.035156,43177.398438,43177.398438,18371348298,1,2,0
392,2022-01-16,43172.039063,43436.808594,42691.023438,43113.878906,43113.878906,17902097845,3,1,0
393,2022-01-17,43118.121094,43179.390625,41680.320313,42250.550781,42250.550781,21690904261,1,2,0
394,2022-01-18,42250.074219,42534.402344,41392.214844,42375.632813,42375.632813,22417209227,2,6,1
395,2022-01-19,42374.039063,42478.304688,41242.914063,41744.328125,41744.328125,23091543258,4,6,0
396,2022-01-20,41744.027344,43413.023438,40672.824219,40680.417969,40680.417969,20382033940,2,8,2
397,2022-01-21,40699.605469,41060.527344,35791.425781,36457.316406,36457.316406,43011992031,4,6,1
398,2022-01-22,36471.589844,36688.8125,34349.25,35030.25,35030.25,39714385405,0,2,3
399,2022-01-23,35047.359375,36433.3125,34784.96875,36276.804688,36276.804688,26017975951,0,2,1
400,2022-01-24,36275.734375,37247.519531,33184.058594,36654.328125,36654.328125,41856658597,4,5,1
401,2022-01-25,36654.804688,37444.570313,35779.429688,36954.003906,36954.003906,26428189594,2,6,4
402,2022-01-26,36950.515625,38825.410156,36374.90625,36852.121094,36852.121094,31324598034,5,4,2
403,2022-01-27,36841.878906,37148.324219,35629.28125,37138.234375,37138.234375,25041426629,2,6,1
404,2022-01-28,37128.445313,37952.878906,36211.109375,37784.332031,37784.332031,22238830523,3,4,3
405,2022-01-29,37780.714844,38576.261719,37406.472656,38138.179688,38138.179688,17194183075,2,0,1
406,2022-01-30,38151.917969,38266.339844,37437.710938,37917.601563,37917.601563,14643548444,4,0,1
407,2022-01-31,37920.28125,38647.261719,36733.574219,38483.125,38483.125,20734730465,3,0,1
408,2022-02-01,38481.765625,39115.132813,38113.664063,38743.273438,38743.273438,20288500328,5,8,1
409,2022-02-02,38743.714844,38834.617188,36832.730469,36952.984375,36952.984375,19155189416,0,7,2
410,2022-02-03,36944.804688,37154.601563,36375.539063,37154.601563,37154.601563,18591534769,3,4,3
411,2022-02-04,37149.265625,41527.785156,37093.628906,41500.875,41500.875,29412210792,2,3,3
412,2022-02-05,41501.480469,41847.164063,41038.097656,41441.164063,41441.164063,19652846215,2,2,1
413,2022-02-06,41441.121094,42500.785156,41244.90625,42412.433594,42412.433594,16142097334,1,0,0
414,2022-02-07,42406.78125,44401.863281,41748.15625,43840.285156,43840.285156,28641855926,5,4,2
415,2022-02-08,43854.652344,45293.867188,42807.835938,44118.445313,44118.445313,33079398868,4,5,0
416,2022-02-09,44096.703125,44727.800781,43232.96875,44338.796875,44338.796875,23245887300,4,6,0
417,2022-02-10,44347.800781,45661.171875,43402.808594,43565.113281,43565.113281,32142048537,5,3,3
418,2022-02-11,43571.128906,43810.832031,42114.539063,42407.9375,42407.9375,26954925781,4,7,1
419,2022-02-12,42412.300781,42992.550781,41852.574219,42244.46875,42244.46875,18152390304,0,0,2
420,2022-02-13,42236.566406,42693.054688,41950.941406,42197.515625,42197.515625,14741589015,0,2,0
421,2022-02-14,42157.398438,42775.777344,41681.957031,42586.917969,42586.917969,20827783012,2,7,2
422,2022-02-15,42586.464844,44667.21875,42491.035156,44575.203125,44575.203125,22721659051,3,3,0
423,2022-02-16,44578.277344,44578.277344,43456.691406,43961.859375,43961.859375,19792547657,2,3,0
424,2022-02-17,43937.070313,44132.972656,40249.371094,40538.011719,40538.011719,26246662813,3,8,2
425,2022-02-18,40552.132813,40929.152344,39637.617188,40030.976563,40030.976563,23310007704,3,7,3
426,2022-02-19,40026.023438,40418.878906,39713.058594,40122.15625,40122.15625,13736557863,1,0,2
427,2022-02-20,40118.101563,40119.890625,38112.8125,38431.378906,38431.378906,18340576452,0,2,0
428,2022-02-21,38423.210938,39394.4375,36950.476563,37075.28125,37075.28125,29280402798,1,6,2
429,2022-02-22,37068.769531,38359.855469,36488.933594,38286.027344,38286.027344,25493150450,6,2,2
430,2022-02-23,38285.28125,39122.394531,37201.816406,37296.570313,37296.570313,21849073843,2,3,1
431,2022-02-24,37278.566406,38968.839844,34459.21875,38332.609375,38332.609375,46383802093,1,2,2
432,2022-02-25,38333.746094,39630.324219,38111.34375,39214.21875,39214.21875,26545599159,5,4,2
433,2022-02-26,39213.082031,40005.347656,38702.535156,39105.148438,39105.148438,17467554129,5,2,1
434,2022-02-27,39098.699219,39778.941406,37268.976563,37709.785156,37709.785156,23450127612,2,0,1
435,2022-02-28,37706.0,43760.457031,37518.214844,43193.234375,43193.234375,35690014104,3,5,1
436,2022-03-01,43194.503906,44793.601563,42952.585938,44354.636719,44354.636719,32479047645,1,2,0
437,2022-03-02,44357.617188,45077.578125,43432.851563,43924.117188,43924.117188,29183112630,1,4,1
438,2022-03-03,43925.195313,44021.578125,41914.75,42451.789063,42451.789063,24967782593,2,7,0
439,2022-03-04,42458.140625,42479.613281,38805.847656,39137.605469,39137.605469,28516271427,1,5,2
440,2022-03-05,39148.449219,39566.335938,38777.035156,39400.585938,39400.585938,16975917450,2,1,2
441,2022-03-06,39404.199219,39640.175781,38211.648438,38419.984375,38419.984375,19745229902,0,1,3
442,2022-03-07,38429.304688,39430.226563,37260.203125,38062.039063,38062.039063,28546143503,3,5,0
443,2022-03-08,38059.902344,39304.441406,37957.386719,38737.269531,38737.269531,25776583476,4,4,2
444,2022-03-09,38742.816406,42465.671875,38706.09375,41982.925781,41982.925781,32284121034,2,3,3
445,2022-03-10,41974.070313,42004.726563,38832.941406,39437.460938,39437.460938,31078064711,1,6,3
446,2022-03-11,39439.96875,40081.679688,38347.433594,38794.972656,38794.972656,26364890465,1,6,2
447,2022-03-12,38794.464844,39308.597656,38772.535156,38904.011719,38904.011719,14616450657,5,0,1
448,2022-03-13,38884.726563,39209.351563,37728.144531,37849.664063,37849.664063,17300745310,1,2,0
449,2022-03-14,37846.316406,39742.5,37680.734375,39666.753906,39666.753906,24322159070,2,2,2
450,2022-03-15,39664.25,39794.628906,38310.210938,39338.785156,39338.785156,23934000868,3,5,1
451,2022-03-16,39335.570313,41465.453125,39022.347656,41143.929688,41143.929688,39616916192,6,3,0
452,2022-03-17,41140.84375,41287.535156,40662.871094,40951.378906,40951.378906,22009601093,5,4,0
453,2022-03-18,40944.839844,42195.746094,40302.398438,41801.15625,41801.15625,34421564942,3,3,1
454,2022-03-19,41794.648438,42316.554688,41602.667969,42190.652344,42190.652344,19664853187,3,2,0
455,2022-03-20,42191.40625,42241.164063,41004.757813,41247.824219,41247.824219,20127946682,0,1,0
456,2022-03-21,41246.132813,41454.410156,40668.042969,41077.996094,41077.996094,24615543271,3,8,2
457,2022-03-22,41074.105469,43124.707031,40948.28125,42358.808594,42358.808594,32004652376,7,3,0
458,2022-03-23,42364.378906,42893.507813,41877.507813,42892.957031,42892.957031,25242943069,2,6,2
459,2022-03-24,42886.652344,44131.855469,42726.164063,43960.933594,43960.933594,31042992291,3,8,0
460,2022-03-25,43964.546875,44999.492188,43706.285156,44348.730469,44348.730469,30574413034,4,6,0
461,2022-03-26,44349.859375,44735.996094,44166.273438,44500.828125,44500.828125,16950455995,3,1,0
462,2022-03-27,44505.355469,46827.546875,44437.292969,46820.492188,46820.492188,28160889722,2,2,0
463,2022-03-28,46821.851563,48086.835938,46690.203125,47128.003906,47128.003906,36362175703,2,5,1
464,2022-03-29,47100.4375,48022.289063,47100.4375,47465.730469,47465.730469,31397059069,4,3,1
465,2022-03-30,47456.898438,47655.148438,46746.210938,47062.664063,47062.664063,29333883962,3,5,1
466,2022-03-31,47062.148438,47512.027344,45390.539063,45538.675781,45538.675781,33327427106,5,6,1
467,2022-04-01,45554.164063,46616.242188,44403.140625,46281.644531,46281.644531,38162644287,1,1,3
468,2022-04-02,46285.5,47028.28125,45782.511719,45868.949219,45868.949219,29336594194,3,4,0
469,2022-04-04,46445.273438,46791.089844,45235.816406,46622.675781,46622.675781,32499785455,3,5,1
470,2022-04-05,46624.507813,47106.140625,45544.808594,45555.992188,45555.992188,29640604055,3,5,0
471,2022-04-06,45544.355469,45544.355469,43193.953125,43206.738281,43206.738281,39393395788,4,8,1
472,2022-04-07,43207.5,43860.699219,42899.90625,43503.847656,43503.847656,26101973106,3,11,1
473,2022-04-08,43505.136719,43903.019531,42183.289063,42287.664063,42287.664063,27215995394,2,9,0
474,2022-04-09,42282.078125,42786.816406,42183.253906,42782.136719,42782.136719,16050772496,1,2,1
475,2022-04-10,42781.089844,43376.378906,42021.207031,42207.671875,42207.671875,17654475582,0,3,0
476,2022-04-11,42201.039063,42424.589844,39373.058594,39521.902344,39521.902344,33949912166,2,4,2
477,2022-04-12,39533.714844,40617.585938,39388.328125,40127.183594,40127.183594,30991500854,1,4,2
478,2022-04-13,40123.570313,41430.054688,39712.746094,41166.730469,41166.730469,27691105228,2,6,1
479,2022-04-14,41160.21875,41451.480469,39695.746094,39935.515625,39935.515625,24342001973,3,3,1
480,2022-04-15,39939.402344,40617.722656,39866.832031,40553.464844,40553.464844,21756855753,2,4,0
481,2022-04-16,40552.316406,40633.679688,40078.425781,40424.484375,40424.484375,16833150693,2,0,2
482,2022-04-17,40417.777344,40570.726563,39620.894531,39716.953125,39716.953125,19087633042,1,2,1
483,2022-04-18,39721.203125,40986.320313,38696.191406,40826.214844,40826.214844,33705182072,0,8,2
484,2022-04-19,40828.175781,41672.960938,40618.632813,41502.75,41502.75,25303206547,2,8,0
485,2022-04-20,41501.746094,42126.300781,40961.097656,41374.378906,41374.378906,27819532341,5,3,0
486,2022-04-21,41392.863281,42878.453125,40110.34375,40436.566406,40436.566406,34892296192,1,1,0
