,Date,Low,High,Close,Open
1825,2017-04-07,1173.18,1201.23,1190.49,1188.7
1824,2017-04-08,1166.65,1198.22,1180.78,1190.49
1823,2017-04-09,1173.99,1215.1,1204.34,1180.78
1822,2017-04-10,1194.81,1214.87,1206.71,1204.34
1821,2017-04-11,1195.76,1229.57,1220.74,1206.71
1820,2017-04-12,1207.36,1225.46,1212.53,1220.74
1819,2017-04-13,1150.29,1218.66,1176.2,1212.53
1818,2017-04-14,1162.16,1195.4,1177.33,1176.2
1817,2017-04-15,841.53,1194.85,1176.99,1177.33
1816,2017-04-16,1166.74,1187.97,1176.8,1176.99
1815,2017-04-17,1172.81,1202.97,1194.01,1176.8
1814,2017-04-18,1191.14,1213.88,1206.09,1194.01
1813,2017-04-19,1194.08,1218.21,1215.2,1206.09
1812,2017-04-20,1210.67,1246.64,1238.09,1215.2
1811,2017-04-21,1235.56,1256.97,1249.64,1238.09
1810,2017-04-22,1215.78,1256.97,1240.89,1249.64
1809,2017-04-23,1223.06,1256.23,1249.14,1240.89
1808,2017-04-24,1234.86,1256.36,1248.18,1249.14
1807,2017-04-25,1244.21,1272.62,1264.31,1248.18
1806,2017-04-26,1263.0,1309.2,1286.63,1264.31
1805,2017-04-27,1285.3,1346.79,1332.91,1286.63
1804,2017-04-28,1287.62,1356.15,1329.62,1332.91
1803,2017-04-29,1314.15,1343.69,1336.28,1329.62
1802,2017-04-30,1309.66,1358.94,1351.91,1336.28
1801,2017-05-01,1342.78,1448.68,1415.81,1351.91
1800,2017-05-02,1394.83,1471.14,1445.93,1415.81
1799,2017-05-03,1424.05,1496.39,1485.55,1445.93
1798,2017-05-04,1437.11,1609.84,1516.76,1485.55
1797,2017-05-05,1485.01,1588.11,1507.77,1516.76
1796,2017-05-06,1503.93,1560.42,1545.29,1507.77
1795,2017-05-07,1495.18,1572.89,1554.45,1545.29
1794,2017-05-08,1552.86,1667.67,1664.47,1554.45
1793,2017-05-09,1619.97,1757.39,1697.5,1664.47
1792,2017-05-10,1664.99,1766.18,1752.31,1697.5
1791,2017-05-11,1741.54,1864.76,1819.29,1752.31
1790,2017-05-12,1641.18,1822.51,1686.39,1819.29
1789,2017-05-13,1594.59,1770.5,1763.74,1686.39
1788,2017-05-14,1736.13,1802.75,1772.55,1763.74
1787,2017-05-15,1656.81,1776.65,1708.92,1772.55
1786,2017-05-16,1653.72,1752.55,1729.34,1708.92
1785,2017-05-17,1703.97,1842.83,1801.3,1729.34
1784,2017-05-18,1791.12,1980.49,1880.99,1801.3
1783,2017-05-19,1875.28,1969.7,1962.0,1880.99
1782,2017-05-20,1944.4,2048.45,2040.18,1962.0
1781,2017-05-21,1980.07,2094.94,2044.19,2040.18
1780,2017-05-22,1998.61,2264.76,2124.41,2044.19
1779,2017-05-23,2110.78,2286.3,2272.58,2124.41
1778,2017-05-24,2263.29,2496.98,2445.28,2272.58
1777,2017-05-25,2210.48,2781.76,2307.22,2445.28
1776,2017-05-26,2051.45,2616.52,2244.89,2306.96
1775,2017-05-27,1868.56,2322.37,2052.43,2244.89
1774,2017-05-28,2051.07,2300.52,2189.02,2052.43
1773,2017-05-29,2117.34,2337.35,2278.21,2189.02
1772,2017-05-30,2147.1,2329.26,2192.55,2278.21
1771,2017-05-31,2168.37,2330.62,2303.34,2192.55
1770,2017-06-01,2303.34,2460.84,2412.65,2303.34
1769,2017-06-02,2385.59,2493.97,2492.6,2412.65
1768,2017-06-03,2449.95,2582.77,2545.43,2492.6
1767,2017-06-04,2478.18,2559.79,2524.06,2545.43
1766,2017-06-05,2523.92,2705.38,2704.96,2524.06
1765,2017-06-06,2699.68,2931.24,2870.5,2704.96
1764,2017-06-07,2626.56,2880.95,2691.51,2870.5
1763,2017-06-08,2623.61,2808.41,2798.78,2691.51
1762,2017-06-09,2786.07,2852.07,2811.43,2798.78
1761,2017-06-10,2807.36,2914.19,2900.25,2811.43
1760,2017-06-11,2867.25,2977.86,2973.45,2900.25
1759,2017-06-12,2483.63,2985.06,2656.77,2973.45
1758,2017-06-13,2647.44,2784.77,2712.99,2656.77
1757,2017-06-14,2348.99,2803.72,2467.27,2712.99
1756,2017-06-15,2125.56,2521.6,2442.46,2467.27
1755,2017-06-16,2335.28,2536.42,2508.58,2442.46
1754,2017-06-17,2454.81,2690.71,2655.1,2508.58
1753,2017-06-18,2488.59,2676.04,2539.56,2655.1
1752,2017-06-19,2518.78,2617.75,2616.82,2539.56
1751,2017-06-20,2613.98,2800.48,2754.38,2616.82
1750,2017-06-21,2624.35,2804.41,2677.62,2754.38
1749,2017-06-22,2623.17,2757.32,2722.84,2677.62
1748,2017-06-23,2699.48,2759.66,2710.37,2722.84
1747,2017-06-24,2540.35,2741.56,2590.05,2710.37
1746,2017-06-25,2472.37,2660.66,2541.62,2590.05
1745,2017-06-26,2327.26,2584.75,2446.05,2541.62
1744,2017-06-27,2309.63,2585.06,2583.75,2446.05
1743,2017-06-28,2490.11,2616.95,2577.74,2583.75
1742,2017-06-29,2526.51,2605.86,2558.37,2577.74
1741,2017-06-30,2469.54,2576.28,2480.61,2558.37
1740,2017-07-01,2387.47,2529.62,2424.61,2480.61
1739,2017-07-02,2375.86,2555.34,2536.46,2424.61
1738,2017-07-03,2506.3,2617.48,2572.47,2536.46
1737,2017-07-04,2569.99,2658.73,2617.32,2572.47
1736,2017-07-05,2562.04,2642.74,2627.86,2617.32
1735,2017-07-06,2581.8,2634.84,2614.24,2627.86
1734,2017-07-07,2484.73,2617.48,2513.88,2614.24
1733,2017-07-08,2480.62,2568.73,2564.86,2513.88
1732,2017-07-09,2509.65,2576.73,2511.43,2564.86
1731,2017-07-10,2271.79,2530.34,2344.02,2511.43
1730,2017-07-11,2265.48,2412.75,2324.29,2344.02
1729,2017-07-12,2262.08,2424.82,2403.09,2324.29
1728,2017-07-13,2334.96,2436.66,2362.44,2403.09
1727,2017-07-14,2165.36,2370.53,2234.17,2362.44
1726,2017-07-15,1974.03,2237.13,1975.08,2234.17
1725,2017-07-16,1808.99,2044.41,1914.09,1975.08
1724,2017-07-17,1913.79,2233.83,2233.39,1914.09
1723,2017-07-18,2164.59,2400.74,2320.23,2233.39
1722,2017-07-19,2243.13,2412.38,2282.58,2320.23
1721,2017-07-20,2282.11,2932.81,2866.02,2282.58
1720,2017-07-21,2622.54,2873.96,2675.08,2866.02
1719,2017-07-22,2658.59,2876.71,2836.53,2675.08
1718,2017-07-23,2675.65,2856.67,2756.61,2836.53
1717,2017-07-24,2715.69,2798.89,2763.42,2756.61
1716,2017-07-25,2472.62,2779.08,2582.58,2763.42
1715,2017-07-26,2441.54,2631.73,2559.21,2582.58
1714,2017-07-27,2547.74,2712.92,2691.88,2559.21
1713,2017-07-28,2683.59,2843.78,2806.75,2691.88
1712,2017-07-29,2699.42,2812.13,2733.5,2806.75
1711,2017-07-30,2621.68,2773.06,2766.49,2733.5
1710,2017-07-31,2723.05,2916.3,2883.27,2766.49
1709,2017-08-01,2659.62,2946.02,2746.99,2883.27
1708,2017-08-02,2668.87,2773.8,2720.53,2746.99
1707,2017-08-03,2717.62,2822.88,2809.99,2720.53
1706,2017-08-04,2779.51,2892.67,2878.49,2809.99
1705,2017-08-05,2875.91,3344.01,3262.8,2878.49
1704,2017-08-06,3166.52,3295.07,3232.03,3262.8
1703,2017-08-07,3198.51,3425.13,3401.91,3232.03
1702,2017-08-08,3357.15,3494.87,3429.38,3401.91
1701,2017-08-09,3251.03,3437.15,3348.79,3429.38
1700,2017-08-10,3322.92,3453.84,3425.67,3348.79
1699,2017-08-11,3409.79,3706.48,3654.37,3425.67
1698,2017-08-12,3611.36,3967.26,3871.62,3654.37
1697,2017-08-13,3847.31,4189.42,4062.6,3871.62
1696,2017-08-14,3978.95,4336.71,4327.94,4062.6
1695,2017-08-15,3837.13,4436.48,4161.66,4327.94
1694,2017-08-16,3938.62,4398.06,4387.4,4161.66
1693,2017-08-17,4194.1,4487.5,4278.92,4387.4
1692,2017-08-18,3978.28,4362.73,4105.37,4278.92
1691,2017-08-19,3957.46,4189.68,4150.45,4105.37
1690,2017-08-20,4034.4,4182.29,4066.6,4150.45
1689,2017-08-21,3966.93,4097.25,4005.1,4066.6
1688,2017-08-22,3612.21,4142.68,4089.7,4005.1
1687,2017-08-23,4070.49,4255.62,4141.09,4089.7
1686,2017-08-24,4111.71,4364.11,4318.35,4141.09
1685,2017-08-25,4292.63,4461.71,4364.41,4318.35
1684,2017-08-26,4263.28,4379.28,4352.3,4364.41
1683,2017-08-27,4321.12,4408.18,4345.75,4352.3
1682,2017-08-28,4195.23,4403.13,4390.31,4345.75
1681,2017-08-29,4350.22,4647.83,4597.31,4390.31
1680,2017-08-30,4491.79,4644.06,4583.02,4597.31
1679,2017-08-31,4580.13,4765.07,4735.11,4583.02
1678,2017-09-01,4690.17,4925.23,4921.85,4735.11
1677,2017-09-02,4448.64,4976.52,4573.8,4921.85
1676,2017-09-03,4397.74,4719.78,4612.92,4573.8
1675,2017-09-04,4098.58,4621.01,4267.45,4612.92
1674,2017-09-05,4004.62,4496.67,4409.08,4267.45
1673,2017-09-06,4401.53,4660.04,4618.71,4409.08
1672,2017-09-07,4493.2,4690.55,4635.6,4618.71
1671,2017-09-08,4130.88,4699.59,4326.45,4635.6
1670,2017-09-09,4185.33,4402.15,4335.13,4326.45
1669,2017-09-10,4032.15,4338.08,4245.89,4335.13
1668,2017-09-11,4134.62,4364.42,4217.9,4245.89
1667,2017-09-12,4074.97,4387.76,4158.92,4217.9
1666,2017-09-13,3752.01,4174.58,3870.29,4158.92
1665,2017-09-14,3218.98,3930.69,3243.08,3870.29
1664,2017-09-15,2979.88,3824.43,3713.76,3243.08
1663,2017-09-16,3551.83,3893.67,3698.92,3713.76
1662,2017-09-17,3485.83,3796.56,3689.61,3698.92
1661,2017-09-18,3689.0,4122.75,4100.28,3689.61
1660,2017-09-19,3852.22,4120.71,3907.96,4100.28
1659,2017-09-20,3846.76,4053.04,3882.16,3907.96
1658,2017-09-21,3576.54,3912.79,3617.27,3882.16
1657,2017-09-22,3505.81,3753.51,3600.83,3617.27
1656,2017-09-23,3563.18,3813.39,3788.02,3600.83
1655,2017-09-24,3633.88,3790.89,3667.52,3788.02
1654,2017-09-25,3665.67,3971.5,3932.83,3667.52
1653,2017-09-26,3858.75,3982.31,3892.7,3932.83
1652,2017-09-27,3882.08,4232.35,4212.2,3892.7
1651,2017-09-28,4112.88,4274.64,4195.65,4212.2
1650,2017-09-29,4030.37,4237.51,4172.79,4195.65
1649,2017-09-30,4164.25,4383.27,4360.62,4172.79
1648,2017-10-01,4258.32,4412.62,4403.09,4360.62
1647,2017-10-02,4364.67,4477.38,4401.32,4403.09
1646,2017-10-03,4230.73,4435.99,4314.18,4401.32
1645,2017-10-04,4183.57,4355.29,4218.66,4314.18
1644,2017-10-05,4143.35,4365.76,4321.44,4218.66
1643,2017-10-06,4296.93,4422.15,4371.94,4321.44
1642,2017-10-07,4319.48,4472.92,4435.81,4371.94
1641,2017-10-08,4419.36,4622.87,4611.7,4435.81
1640,2017-10-09,4556.15,4875.38,4777.49,4611.7
1639,2017-10-10,4722.81,4930.0,4763.36,4777.49
1638,2017-10-11,4718.6,4874.89,4824.2,4763.36
1637,2017-10-12,4814.98,5432.63,5432.62,4824.2
1636,2017-10-13,5391.97,5852.78,5637.26,5432.62
1635,2017-10-14,5568.86,5839.62,5824.71,5637.26
1634,2017-10-15,5448.22,5862.69,5688.14,5824.71
1633,2017-10-16,5576.1,5795.33,5759.33,5677.35
1632,2017-10-17,5521.09,5773.32,5598.58,5759.25
1631,2017-10-18,5114.87,5601.3,5575.83,5598.58
1630,2017-10-19,5517.62,5737.41,5698.65,5576.71
1629,2017-10-20,5611.39,6075.32,5993.11,5698.62
1628,2017-10-21,5874.54,6187.2,6006.65,5993.11
1627,2017-10-22,5722.98,6070.56,5982.86,6006.65
1626,2017-10-23,5644.22,6048.98,5903.61,5982.86
1625,2017-10-24,5463.41,5904.63,5513.08,5903.61
1624,2017-10-25,5375.64,5747.96,5734.0,5513.08
1623,2017-10-26,5689.92,5970.4,5887.61,5734.0
1622,2017-10-27,5692.32,5997.83,5764.56,5887.62
1621,2017-10-28,5654.8,5871.04,5726.61,5764.56
1620,2017-10-29,5679.37,6295.43,6147.52,5726.61
1619,2017-10-30,6018.97,6226.18,6124.28,6147.7
1618,2017-10-31,6090.83,6467.2,6451.24,6124.28
1617,2017-11-01,6355.0,6738.74,6737.78,6449.1
1616,2017-11-02,6737.77,7339.91,7024.81,6737.78
1615,2017-11-03,6938.93,7445.62,7152.12,7024.81
1614,2017-11-04,6957.84,7492.24,7363.8,7146.98
1613,2017-11-05,7284.33,7599.44,7389.55,7363.8
1612,2017-11-06,6934.73,7429.7,6959.23,7389.55
1611,2017-11-07,6957.8,7222.37,7102.75,6959.27
1610,2017-11-08,7026.97,7869.1,7444.36,7102.23
1609,2017-11-09,7040.83,7457.12,7129.59,7444.36
1608,2017-11-10,6406.05,7318.97,6565.8,7129.59
1607,2017-11-11,6197.87,6821.5,6339.86,6565.8
1606,2017-11-12,5493.64,6490.53,5878.13,6339.87
1605,2017-11-13,5828.34,6760.15,6522.45,5878.09
1604,2017-11-14,6419.18,6728.59,6597.06,6522.45
1603,2017-11-15,6596.94,7330.06,7283.22,6597.06
1602,2017-11-16,7119.17,7964.64,7853.68,7283.02
1601,2017-11-17,7534.7,8000.19,7699.95,7853.68
1600,2017-11-18,7458.9,7857.52,7780.91,7699.95
1599,2017-11-19,7675.41,8100.87,8042.64,7781.02
1598,2017-11-20,7947.28,8294.12,8244.69,8042.64
1597,2017-11-21,7819.06,8368.36,8099.97,8245.87
1596,2017-11-22,8091.63,8304.37,8234.55,8099.92
1595,2017-11-23,8012.35,8266.55,8013.41,8234.5
1594,2017-11-24,7900.17,8332.94,8200.8,8013.38
1593,2017-11-25,8153.7,8761.98,8754.69,8203.45
1592,2017-11-26,8746.56,9474.62,9318.42,8754.62
1591,2017-11-27,9316.84,9733.61,9733.2,9318.42
1590,2017-11-28,9638.2,9969.58,9906.04,9732.63
1589,2017-11-29,8938.7,11417.84,9837.86,9906.04
1588,2017-11-30,9023.77,10689.06,9946.76,9848.05
1587,2017-12-01,9420.93,10942.8,10861.47,9947.08
1586,2017-12-02,10715.55,11175.23,10912.73,10861.47
1585,2017-12-03,10578.43,11851.09,11246.21,10912.72
1584,2017-12-04,10917.81,11624.63,11623.91,11244.2
1583,2017-12-05,11486.13,11901.87,11667.13,11624.37
1582,2017-12-06,11661.76,13843.2,13749.57,11667.13
1581,2017-12-07,13401.61,16879.26,16850.31,13750.09
1580,2017-12-08,13906.1,17294.85,16047.61,16867.98
1579,2017-12-09,13151.47,16313.18,14843.42,16048.18
1578,2017-12-10,13031.0,15783.2,15059.6,14839.98
1577,2017-12-11,15024.56,17399.18,16732.47,15060.45
1576,2017-12-12,16254.53,17560.65,17083.9,16733.29
1575,2017-12-13,15669.86,17267.96,16286.82,17083.9
1574,2017-12-14,16023.64,16941.08,16467.91,16286.82
1573,2017-12-15,16442.2,17987.03,17604.85,16467.91
1572,2017-12-16,17318.54,19587.7,19345.49,17594.08
1571,2017-12-17,18750.91,19870.62,19065.71,19346.6
1570,2017-12-18,18114.42,19221.1,18972.32,19065.71
1569,2017-12-19,16812.8,19021.97,17523.7,18971.19
1568,2017-12-20,15642.69,17813.6,16461.97,17521.73
1567,2017-12-21,14952.98,17301.83,15632.12,16461.09
1566,2017-12-22,10875.71,15823.72,13664.97,15632.12
1565,2017-12-23,13356.07,15493.23,14396.46,13664.97
1564,2017-12-24,12166.45,14413.72,13789.95,14396.63
1563,2017-12-25,13010.71,14467.43,13833.49,13789.95
1562,2017-12-26,13748.49,16094.67,15756.56,13830.19
1561,2017-12-27,14534.66,16514.59,15416.64,15757.02
1560,2017-12-28,13466.07,15505.51,14398.7,15416.34
1559,2017-12-29,13951.08,15109.81,14392.57,14398.45
1558,2017-12-30,11962.09,14461.46,12531.52,14392.14
1557,2017-12-31,12359.43,14241.82,13850.4,12532.38
1556,2018-01-01,12877.67,13921.53,13444.88,13850.49
1555,2018-01-02,12934.16,15306.13,14754.13,13444.88
1554,2018-01-03,14579.71,15435.01,15156.62,14754.09
1553,2018-01-04,14244.67,15408.66,15180.08,15156.49
1552,2018-01-05,14832.36,17126.95,16954.78,15180.08
1551,2018-01-06,16286.57,17252.85,17172.3,16954.76
1550,2018-01-07,15791.13,17184.81,16228.16,17174.5
1549,2018-01-08,13902.31,16302.92,14976.17,16228.26
1548,2018-01-09,14221.55,15390.28,14468.5,14976.17
1547,2018-01-10,13450.54,14919.49,14919.49,14468.09
1546,2018-01-11,12825.95,14979.96,13308.06,14920.36
1545,2018-01-12,12851.91,14129.08,13841.19,13308.06
1544,2018-01-13,13830.28,14595.04,14243.12,13841.19
1543,2018-01-14,13031.91,14415.67,13638.63,14244.12
1542,2018-01-15,13416.71,14355.82,13631.98,13638.63
1541,2018-01-16,10032.69,13648.84,11282.49,13634.6
1540,2018-01-17,9205.38,11736.3,11162.7,11282.49
1539,2018-01-18,10642.33,12018.43,11175.52,11162.7
1538,2018-01-19,10867.18,11780.49,11521.76,11175.52
1537,2018-01-20,11502.11,13031.04,12783.94,11521.82
1536,2018-01-21,11101.73,12787.35,11549.93,12783.54
1535,2018-01-22,10067.76,11913.74,10814.52,11549.98
1534,2018-01-23,9980.5,11388.52,10858.23,10814.52
1533,2018-01-24,10506.55,11531.6,11429.02,10853.78
1532,2018-01-25,10930.34,11741.92,11175.87,11428.11
1531,2018-01-26,10346.86,11656.54,11104.2,11175.87
1530,2018-01-27,10879.2,11638.69,11459.71,11104.34
1529,2018-01-28,11407.94,12064.19,11767.74,11460.39
1528,2018-01-29,11089.52,11860.29,11233.95,11767.74
1527,2018-01-30,9871.21,11263.7,10107.26,11234.32
1526,2018-01-31,9698.13,10377.96,10226.86,10107.4
1525,2018-02-01,8726.95,10280.84,9114.72,10226.86
1524,2018-02-02,7786.2,9147.93,8870.82,9114.73
1523,2018-02-03,8194.68,9504.37,9251.27,8872.87
1522,2018-02-04,7889.83,9400.99,8218.05,9251.27
1521,2018-02-05,6627.31,8391.29,6937.08,8218.05
1520,2018-02-06,5968.36,7932.38,7701.25,6936.43
1519,2018-02-07,7208.86,8572.68,7592.72,7701.25
1518,2018-02-08,7590.48,8643.94,8260.69,7593.78
1517,2018-02-09,7775.36,8743.2,8696.83,8259.26
1516,2018-02-10,8176.25,9081.49,8569.29,8696.83
1515,2018-02-11,7862.31,8573.35,8084.61,8569.32
1514,2018-02-12,8084.41,8997.34,8911.27,8084.61
1513,2018-02-13,8379.35,8955.15,8544.69,8911.17
1512,2018-02-14,8542.98,9508.22,9485.64,8544.69
1511,2018-02-15,9363.38,10223.58,10033.75,9485.64
1510,2018-02-16,9720.38,10303.14,10188.73,10033.75
1509,2018-02-17,10074.07,11119.45,11097.21,10188.73
1508,2018-02-18,10161.01,11288.34,10417.23,11097.21
1507,2018-02-19,10336.32,11265.96,11182.28,10418.12
1506,2018-02-20,11130.95,11802.23,11256.43,11182.28
1505,2018-02-21,10256.21,11295.58,10481.66,11256.78
1504,2018-02-22,9757.19,10941.57,9847.96,10481.66
1503,2018-02-23,9604.0,10420.67,10175.51,9847.96
1502,2018-02-24,9396.54,10528.0,9705.73,10175.51
1501,2018-02-25,9329.44,9873.79,9610.11,9705.73
1500,2018-02-26,9411.82,10457.51,10326.5,9610.11
1499,2018-02-27,10154.24,10879.38,10594.76,10326.5
1498,2018-02-28,10303.14,11067.76,10334.44,10594.76
1497,2018-03-01,10247.56,11090.3,10929.37,10334.44
1496,2018-03-02,10801.45,11191.94,11043.12,10929.37
1495,2018-03-03,11043.12,11530.66,11465.36,11043.12
1494,2018-03-04,11084.01,11539.79,11504.42,11465.36
1493,2018-03-05,11431.55,11694.15,11440.73,11503.94
1492,2018-03-06,10589.28,11441.65,10735.45,11440.33
1491,2018-03-07,9470.73,10913.7,9928.56,10735.45
1490,2018-03-08,9086.85,10119.21,9316.72,9928.56
1489,2018-03-09,8393.45,9433.38,9252.76,9316.77
1488,2018-03-10,8727.43,9518.62,8797.27,9252.76
1487,2018-03-11,8484.32,9735.64,9544.84,8797.27
1486,2018-03-12,8796.52,9907.41,9142.15,9543.98
1485,2018-03-13,8856.65,9486.12,9160.12,9142.27
1484,2018-03-14,7966.94,9360.66,8217.7,9160.12
1483,2018-03-15,7698.47,8432.12,8268.41,8216.22
1482,2018-03-16,7924.11,8616.63,8283.23,8267.95
1481,2018-03-17,7765.41,8360.64,7883.45,8283.23
1480,2018-03-18,7318.46,8299.86,8215.4,7882.67
1479,2018-03-19,8129.66,8725.6,8623.14,8215.5
1478,2018-03-20,8339.8,9056.23,8920.71,8623.14
1477,2018-03-21,8778.69,9184.51,8911.35,8920.53
1476,2018-03-22,8500.88,9107.0,8724.98,8911.37
1475,2018-03-23,8307.58,8935.88,8934.8,8724.98
1474,2018-03-24,8515.53,9036.23,8548.06,8935.51
1473,2018-03-25,8395.85,8690.36,8472.84,8548.39
1472,2018-03-26,7869.27,8521.04,8152.2,8472.56
1471,2018-03-27,7752.3,8226.24,7808.48,8152.18
1470,2018-03-28,7752.6,8117.79,7959.78,7808.42
1469,2018-03-29,6927.11,7983.77,7106.62,7959.78
1468,2018-03-30,6595.26,7280.27,6853.76,7106.62
1467,2018-03-31,6806.34,7228.4,6943.77,6853.75
1466,2018-04-01,6463.54,7056.22,6835.84,6943.77
1465,2018-04-02,6792.3,8218.66,7074.6,6835.58
1464,2018-04-03,7039.88,7528.97,7434.3,7074.65
1463,2018-04-04,6727.09,7442.42,6815.5,7434.3
1462,2018-04-05,6602.38,6933.66,6790.45,6815.5
1461,2018-04-06,6526.67,6869.53,6634.86,6790.45
1460,2018-04-07,6624.47,7083.85,6917.2,6634.86
1459,2018-04-08,6911.02,7132.03,7049.92,6917.2
1458,2018-04-09,6633.69,7204.28,6789.53,7049.92
1457,2018-04-10,6676.72,6922.84,6871.07,6789.53
1456,2018-04-11,6839.16,6999.37,6977.13,6871.07
1455,2018-04-12,6791.33,8051.95,7927.73,6977.04
1454,2018-04-13,7758.8,8237.16,7899.11,7927.73
1453,2018-04-14,7841.19,8195.34,8022.51,7898.74
1452,2018-04-15,8021.04,8437.03,8376.73,8022.51
1451,2018-04-16,7929.24,8430.93,8079.77,8376.73
1450,2018-04-17,7858.12,8187.6,7921.63,8079.77
1449,2018-04-18,7908.92,8246.57,8189.96,7921.65
1448,2018-04-19,8136.42,8321.01,8301.82,8189.92
1447,2018-04-20,8243.49,8945.14,8877.08,8301.82
1446,2018-04-21,8631.18,9047.82,8935.72,8877.15
1445,2018-04-22,8788.44,9043.98,8823.36,8935.85
1444,2018-04-23,8804.2,9025.73,8968.25,8823.46
1443,2018-04-24,8957.68,9741.91,9655.77,8967.86
1442,2018-04-25,8757.06,9765.23,8873.62,9657.69
1441,2018-04-26,8669.38,9315.13,9282.12,8873.57
1440,2018-04-27,8923.48,9385.87,8938.47,9289.01
1439,2018-04-28,8892.52,9435.9,9351.47,8938.47
1438,2018-04-29,9189.07,9552.67,9407.04,9349.94
1437,2018-04-30,9133.6,9459.81,9248.45,9407.35
1436,2018-05-01,8851.1,9251.66,9077.28,9248.25
1435,2018-05-02,8993.82,9271.62,9232.19,9077.28
1434,2018-05-03,9172.28,9817.19,9745.04,9232.19
1433,2018-05-04,9547.21,9785.15,9699.61,9746.26
1432,2018-05-05,9687.09,9968.85,9845.9,9700.37
1431,2018-05-06,9441.93,9936.96,9644.92,9846.44
1430,2018-05-07,9202.13,9662.23,9377.81,9643.99
1429,2018-05-08,9063.07,9472.09,9196.13,9377.08
1428,2018-05-09,8987.27,9373.46,9321.16,9196.13
1427,2018-05-10,9017.13,9393.95,9032.22,9321.52
1426,2018-05-11,8363.5,9032.27,8421.0,9032.22
1425,2018-05-12,8225.97,8653.8,8486.67,8420.82
1424,2018-05-13,8350.91,8773.96,8709.46,8488.07
1423,2018-05-14,8312.72,8883.0,8672.9,8709.46
1422,2018-05-15,8441.25,8848.69,8480.16,8672.88
1421,2018-05-16,8119.17,8501.65,8344.78,8480.16
1420,2018-05-17,8015.77,8476.45,8071.04,8342.69
1419,2018-05-18,7940.35,8280.45,8247.91,8071.04
1418,2018-05-19,8160.8,8397.27,8249.24,8247.91
1417,2018-05-20,8181.46,8591.45,8533.0,8249.24
1416,2018-05-21,8347.88,8585.85,8419.65,8533.22
1415,2018-05-22,7962.43,8428.6,7992.75,8419.67
1414,2018-05-23,7460.66,8031.63,7505.77,7992.75
1413,2018-05-24,7283.77,7729.48,7584.74,7505.77
1412,2018-05-25,7347.96,7652.37,7475.36,7584.78
1411,2018-05-26,7314.71,7626.69,7355.06,7475.36
1410,2018-05-27,7256.67,7420.07,7362.23,7355.06
1409,2018-05-28,7092.91,7455.55,7118.88,7362.23
1408,2018-05-29,7069.01,7533.03,7474.75,7118.88
1407,2018-05-30,7295.78,7571.08,7393.02,7474.75
1406,2018-05-31,7349.52,7608.87,7502.15,7393.02
1405,2018-06-01,7370.27,7614.66,7530.55,7501.74
1404,2018-06-02,7467.79,7697.34,7643.26,7530.55
1403,2018-06-03,7606.76,7774.96,7719.75,7643.26
1402,2018-06-04,7469.21,7760.73,7503.2,7719.73
1401,2018-06-05,7394.97,7672.7,7629.4,7503.32
1400,2018-06-06,7504.98,7701.35,7661.79,7629.4
1399,2018-06-07,7651.13,7755.92,7700.11,7661.79
1398,2018-06-08,7559.5,7709.61,7627.52,7700.4
1397,2018-06-09,7495.72,7691.74,7513.69,7627.56
1396,2018-06-10,6661.98,7514.04,6773.72,7513.76
1395,2018-06-11,6652.89,6913.85,6887.37,6773.72
1394,2018-06-12,6462.61,6888.33,6556.94,6887.43
1393,2018-06-13,6140.63,6623.0,6310.43,6556.94
1392,2018-06-14,6286.23,6719.44,6643.26,6310.43
1391,2018-06-15,6380.69,6667.23,6396.71,6643.63
1390,2018-06-16,6345.99,6569.15,6503.1,6396.71
1389,2018-06-17,6446.38,6585.77,6457.78,6503.1
1388,2018-06-18,6401.41,6802.03,6714.82,6457.78
1387,2018-06-19,6672.2,6839.6,6741.28,6714.56
1386,2018-06-20,6569.96,6817.9,6761.27,6741.28
1385,2018-06-21,6687.66,6790.08,6720.64,6761.27
1384,2018-06-22,5941.32,6731.51,6051.47,6720.64
1383,2018-06-23,6033.2,6257.88,6166.54,6051.47
1382,2018-06-24,5782.13,6254.02,6157.78,6166.36
1381,2018-06-25,6095.25,6344.45,6260.35,6157.78
1380,2018-06-26,6067.49,6286.36,6088.39,6260.4
1379,2018-06-27,6021.69,6192.11,6141.57,6092.26
1378,2018-06-28,5844.26,6172.23,5871.28,6141.57
1377,2018-06-29,5813.02,6286.67,6203.8,5870.81
1376,2018-06-30,6194.51,6503.33,6385.38,6203.81
1375,2018-07-01,6262.72,6429.5,6339.04,6385.43
1374,2018-07-02,5537.86,6673.71,6615.66,6342.69
1373,2018-07-03,6473.48,6670.3,6509.58,6616.6
1372,2018-07-04,6411.13,6777.97,6590.06,6508.43
1371,2018-07-05,6448.23,6691.32,6534.81,6589.77
1370,2018-07-06,6458.14,6633.44,6602.02,6534.81
1369,2018-07-07,6518.23,6814.42,6758.08,6602.03
1368,2018-07-08,6684.15,6782.85,6707.38,6758.08
1367,2018-07-09,6625.58,6803.1,6668.84,6707.46
1366,2018-07-10,6277.23,6683.61,6306.85,6668.84
1365,2018-07-11,6293.68,6405.59,6394.36,6306.87
1364,2018-07-12,6084.0,6394.93,6253.6,6394.36
1363,2018-07-13,6131.54,6349.21,6229.83,6253.66
1362,2018-07-14,6190.18,6332.46,6268.75,6229.61
1361,2018-07-15,6245.75,6401.5,6364.26,6268.32
1360,2018-07-16,6349.83,6761.84,6740.55,6364.26
1359,2018-07-17,6677.56,7476.24,7326.7,6740.54
1358,2018-07-18,7253.71,7590.65,7383.39,7326.76
1357,2018-07-19,7289.9,7563.7,7477.5,7383.39
1356,2018-07-20,7279.34,7676.55,7333.93,7477.1
1355,2018-07-21,7220.37,7453.07,7405.4,7333.93
1354,2018-07-22,7345.25,7569.28,7398.64,7405.4
1353,2018-07-23,7376.66,7798.59,7718.0,7398.64
1352,2018-07-24,7692.16,8485.71,8395.82,7718.0
1351,2018-07-25,8061.07,8481.11,8170.23,8395.81
1350,2018-07-26,7862.67,8302.24,7937.25,8170.37
1349,2018-07-27,7806.25,8278.01,8182.89,7937.1
1348,2018-07-28,8070.04,8238.04,8230.87,8182.88
1347,2018-07-29,8123.53,8291.55,8216.78,8230.82
1346,2018-07-30,7867.44,8273.61,8176.06,8216.7
1345,2018-07-31,7663.7,8176.27,7735.3,8176.08
1344,2018-08-01,7449.31,7760.74,7610.9,7736.25
1343,2018-08-02,7470.86,7713.32,7542.34,7610.9
1342,2018-08-03,7296.76,7542.49,7417.6,7542.34
1341,2018-08-04,6940.15,7490.89,7017.89,7417.6
1340,2018-08-05,6898.31,7092.53,7042.39,7017.89
1339,2018-08-06,6854.79,7160.4,6945.78,7042.57
1338,2018-08-07,6685.02,7150.86,6723.21,6945.77
1337,2018-08-08,6133.03,6723.99,6285.02,6723.29
1336,2018-08-09,6195.02,6631.23,6543.24,6285.06
1335,2018-08-10,6025.91,6582.14,6153.41,6543.25
1334,2018-08-11,6014.26,6488.55,6242.54,6152.95
1333,2018-08-12,6176.89,6483.39,6322.92,6242.53
1332,2018-08-13,6157.03,6545.02,6263.2,6322.41
1331,2018-08-14,5891.87,6266.5,6199.6,6263.2
1330,2018-08-15,6193.63,6620.07,6274.22,6199.63
1329,2018-08-16,6217.33,6478.07,6323.81,6274.22
1328,2018-08-17,6300.45,6594.72,6591.16,6323.81
1327,2018-08-18,6322.44,6622.16,6405.71,6591.18
1326,2018-08-19,6330.56,6560.88,6502.18,6405.74
1325,2018-08-20,6248.39,6537.54,6269.9,6502.24
1324,2018-08-21,6259.81,6506.69,6491.11,6270.09
1323,2018-08-22,6264.34,6890.79,6366.13,6491.09
1322,2018-08-23,6356.96,6575.28,6538.95,6366.14
1321,2018-08-24,6481.76,6736.83,6708.96,6539.13
1320,2018-08-25,6684.19,6808.89,6749.56,6708.94
1319,2018-08-26,6588.48,6793.17,6720.6,6749.71
1318,2018-08-27,6674.84,6944.21,6915.73,6720.6
1317,2018-08-28,6877.2,7136.71,7091.38,6915.92
1316,2018-08-29,6944.76,7137.47,7052.0,7091.38
1315,2018-08-30,6818.69,7072.64,6998.76,7051.61
1314,2018-08-31,6903.08,7096.73,7026.96,6998.76
1313,2018-09-01,7025.58,7272.03,7203.46,7026.96
1312,2018-09-02,7144.71,7384.38,7301.26,7203.46
1311,2018-09-03,7204.89,7350.58,7270.05,7301.25
1310,2018-09-04,7246.76,7417.65,7369.86,7270.05
1309,2018-09-05,6694.06,7401.43,6705.03,7369.89
1308,2018-09-06,6295.11,6727.19,6515.42,6705.06
1307,2018-09-07,6345.48,6549.39,6411.78,6515.42
1306,2018-09-08,6134.76,6480.57,6200.16,6413.12
1305,2018-09-09,6161.83,6451.25,6249.07,6200.23
1304,2018-09-10,6247.64,6371.42,6324.43,6249.07
1303,2018-09-11,6199.19,6415.51,6295.54,6324.43
1302,2018-09-12,6208.28,6357.89,6337.11,6295.54
1301,2018-09-13,6337.08,6534.89,6492.0,6337.08
1300,2018-09-14,6393.84,6591.59,6486.01,6492.17
1299,2018-09-15,6473.47,6573.19,6522.08,6485.39
1298,2018-09-16,6404.31,6525.05,6502.44,6522.68
1297,2018-09-17,6216.83,6538.82,6261.48,6502.44
1296,2018-09-18,6238.25,6393.39,6346.44,6261.33
1295,2018-09-19,6131.02,6522.9,6398.8,6346.44
1294,2018-09-20,6361.33,6551.93,6505.9,6398.83
1293,2018-09-21,6501.01,6785.22,6762.06,6505.97
1292,2018-09-22,6633.01,6834.49,6716.6,6762.07
1291,2018-09-23,6663.9,6768.56,6702.7,6716.6
1290,2018-09-24,6557.82,6717.6,6583.53,6702.73
1289,2018-09-25,6333.21,6583.54,6437.74,6583.53
1288,2018-09-26,6383.16,6543.92,6462.6,6437.74
1287,2018-09-27,6434.76,6733.94,6686.13,6462.6
1286,2018-09-28,6545.41,6806.1,6635.38,6686.13
1285,2018-09-29,6474.23,6635.42,6603.75,6635.4
1284,2018-09-30,6543.68,6741.96,6623.71,6603.75
1283,2018-10-01,6510.54,6662.6,6594.98,6623.82
1282,2018-10-02,6478.04,6618.95,6525.47,6594.98
1281,2018-10-03,6428.98,6537.07,6492.26,6525.46
1280,2018-10-04,6486.86,6622.32,6579.79,6492.61
1279,2018-10-05,6546.98,6683.55,6632.87,6580.0
1278,2018-10-06,6563.25,6637.08,6589.94,6632.88
1277,2018-10-07,6535.02,6622.49,6601.15,6589.94
1276,2018-10-08,6565.01,6698.31,6650.07,6601.46
1275,2018-10-09,6589.39,6657.0,6631.79,6650.07
1274,2018-10-10,6487.86,6633.22,6581.07,6631.79
1273,2018-10-11,6171.95,6581.59,6209.47,6581.07
1272,2018-10-12,6173.86,6296.56,6250.85,6209.47
1271,2018-10-13,6238.92,6280.73,6267.27,6252.1
1270,2018-10-14,6247.17,6346.56,6277.73,6267.27
1269,2018-10-15,6244.77,7234.83,6612.36,6277.73
1268,2018-10-16,6545.54,6724.91,6583.05,6612.69
1267,2018-10-17,6511.6,6589.2,6574.52,6583.05
1266,2018-10-18,6445.05,6616.27,6488.72,6576.4
1265,2018-10-19,6449.36,6503.09,6469.28,6489.37
1264,2018-10-20,6395.45,6645.2,6490.56,6469.28
1263,2018-10-21,6474.47,6557.39,6509.87,6490.6
1262,2018-10-22,6460.38,6531.23,6483.23,6509.87
1261,2018-10-23,6438.99,6496.2,6470.22,6484.32
1260,2018-10-24,6465.73,6538.35,6476.25,6470.63
1259,2018-10-25,6432.3,6497.9,6462.77,6476.52
1258,2018-10-26,6441.81,6514.0,6457.21,6462.77
1257,2018-10-27,6445.95,6479.0,6470.17,6457.21
1256,2018-10-28,6444.74,6483.24,6470.74,6470.17
1255,2018-10-29,6282.58,6483.39,6313.91,6470.74
1254,2018-10-30,6286.3,6340.68,6309.11,6314.38
1253,2018-10-31,6241.49,6391.25,6342.61,6309.11
1252,2018-11-01,6322.6,6402.59,6381.3,6342.81
1251,2018-11-02,6371.57,6420.93,6394.66,6381.3
1250,2018-11-03,6336.96,6398.09,6376.32,6394.65
1249,2018-11-04,6351.92,6498.16,6467.05,6376.55
1248,2018-11-05,6406.69,6475.8,6433.74,6467.05
1247,2018-11-06,6412.56,6482.81,6479.72,6433.53
1246,2018-11-07,6476.59,6562.79,6529.68,6479.72
1245,2018-11-08,6438.27,6542.42,6446.06,6530.94
1244,2018-11-09,6352.45,6457.97,6377.99,6446.06
1243,2018-11-10,6376.17,6419.92,6396.37,6377.99
1242,2018-11-11,6326.38,6414.18,6408.18,6396.39
1241,2018-11-12,6350.87,6435.41,6375.08,6408.18
1240,2018-11-13,6315.58,6389.43,6339.17,6375.08
1239,2018-11-14,5469.93,6375.7,5741.47,6339.17
1238,2018-11-15,5300.75,5767.06,5647.5,5740.51
1237,2018-11-16,5487.87,5676.54,5586.27,5647.5
1236,2018-11-17,5524.7,5602.01,5568.94,5586.97
1235,2018-11-18,5567.95,5701.35,5615.26,5567.95
1234,2018-11-19,4757.01,5615.98,4809.62,5615.26
1233,2018-11-20,4168.25,4953.56,4441.81,4809.62
1232,2018-11-21,4315.58,4689.55,4593.04,4441.81
1231,2018-11-22,4297.21,4640.72,4320.68,4593.04
1230,2018-11-23,4157.19,4419.48,4343.42,4320.68
1229,2018-11-24,3741.2,4432.0,3854.11,4343.42
1228,2018-11-25,3550.04,4165.93,4004.15,3854.11
1227,2018-11-26,3598.81,4124.7,3784.59,4004.46
1226,2018-11-27,3613.11,3878.9,3822.99,3784.77
1225,2018-11-28,3822.94,4398.57,4263.55,3822.99
1224,2018-11-29,4130.68,4444.39,4286.69,4263.52
1223,2018-11-30,3916.3,4331.07,4009.67,4286.85
1222,2018-12-01,3942.62,4309.65,4197.46,4009.67
1221,2018-12-02,4077.67,4318.79,4143.86,4197.7
1220,2018-12-03,3795.18,4159.01,3871.41,4143.86
1219,2018-12-04,3770.92,4082.68,3948.44,3871.41
1218,2018-12-05,3719.19,3961.8,3737.53,3948.44
1217,2018-12-06,3467.92,3883.43,3485.18,3737.53
1216,2018-12-07,3248.0,3576.11,3420.57,3485.18
1215,2018-12-08,3295.21,3602.49,3461.07,3420.57
1214,2018-12-09,3436.5,3718.58,3592.84,3461.07
1213,2018-12-10,3416.77,3645.49,3467.16,3592.84
1212,2018-12-11,3348.98,3483.58,3401.02,3467.16
1211,2018-12-12,3380.48,3545.37,3485.59,3401.02
1210,2018-12-13,3272.81,3493.76,3305.11,3485.59
1209,2018-12-14,3180.97,3333.24,3235.48,3305.11
1208,2018-12-15,3169.53,3271.76,3232.51,3235.48
1207,2018-12-16,3227.4,3319.83,3255.37,3232.51
1206,2018-12-17,3239.06,3639.65,3548.19,3255.37
1205,2018-12-18,3481.46,3727.99,3715.85,3548.19
1204,2018-12-19,3693.57,3969.7,3736.54,3715.85
1203,2018-12-20,3712.82,4225.52,4137.66,3736.54
1202,2018-12-21,3831.2,4247.71,3898.81,4137.66
1201,2018-12-22,3849.23,4060.34,4045.24,3898.81
1200,2018-12-23,3972.39,4117.65,4007.63,4045.24
1199,2018-12-24,4006.6,4303.37,4081.95,4007.63
1198,2018-12-25,3734.85,4094.61,3834.73,4081.95
1197,2018-12-26,3746.86,3923.93,3848.78,3834.73
1196,2018-12-27,3622.39,3888.92,3646.09,3848.78
1195,2018-12-28,3628.43,4007.71,3947.86,3646.09
1194,2018-12-29,3774.38,4004.14,3797.06,3947.86
1193,2018-12-30,3760.8,3925.18,3896.21,3797.06
1192,2018-12-31,3701.48,3904.28,3747.39,3896.21
1191,2019-01-01,3696.94,3938.75,3880.15,3747.39
1190,2019-01-02,3826.29,3989.59,3961.01,3880.15
1189,2019-01-03,3778.76,3965.52,3835.86,3961.01
1188,2019-01-04,3783.88,3901.65,3874.06,3835.86
1187,2019-01-05,3841.13,3926.92,3855.39,3874.06
1186,2019-01-06,3829.09,4145.16,4102.85,3855.39
1185,2019-01-07,4001.35,4132.62,4050.4,4102.85
1184,2019-01-08,3990.34,4156.16,4040.75,4050.4
1183,2019-01-09,4013.0,4092.91,4048.34,4040.75
1182,2019-01-10,3631.07,4085.09,3668.15,4048.34
1181,2019-01-11,3616.41,3729.69,3669.2,3668.15
1180,2019-01-12,3611.2,3692.12,3664.38,3669.2
1179,2019-01-13,3528.24,3675.2,3551.24,3664.38
1178,2019-01-14,3544.53,3748.88,3703.9,3551.24
1177,2019-01-15,3590.49,3724.3,3621.24,3703.9
1176,2019-01-16,3611.38,3704.37,3643.99,3621.24
1175,2019-01-17,3586.92,3695.28,3685.3,3643.99
1174,2019-01-18,3620.44,3685.39,3648.05,3685.3
1173,2019-01-19,3643.01,3799.62,3729.78,3648.05
1172,2019-01-20,3529.25,3754.65,3567.73,3729.78
1171,2019-01-21,3535.19,3599.83,3571.92,3567.73
1170,2019-01-22,3473.77,3635.69,3602.04,3571.92
1169,2019-01-23,3543.96,3631.15,3572.05,3602.04
1168,2019-01-24,3546.5,3616.33,3598.52,3572.05
1167,2019-01-25,3539.41,3607.43,3582.89,3598.52
1166,2019-01-26,3578.62,3676.4,3596.5,3582.89
1165,2019-01-27,3511.29,3605.99,3565.08,3596.5
1164,2019-01-28,3402.56,3567.56,3453.42,3565.08
1163,2019-01-29,3369.19,3463.2,3418.25,3453.42
1162,2019-01-30,3395.94,3488.91,3467.21,3418.25
1161,2019-01-31,3422.83,3499.78,3434.13,3467.21
1160,2019-02-01,3398.96,3478.55,3461.63,3434.13
1159,2019-02-02,3441.21,3519.14,3508.68,3461.63
1158,2019-02-03,3424.42,3514.43,3449.62,3508.68
1157,2019-02-04,3429.21,3470.8,3431.24,3449.62
1156,2019-02-05,3415.67,3447.88,3447.66,3431.24
1155,2019-02-06,3362.24,3459.33,3394.89,3447.66
1154,2019-02-07,3369.1,3406.54,3375.33,3394.89
1153,2019-02-08,3363.32,3735.1,3660.03,3375.33
1152,2019-02-09,3616.11,3673.71,3652.26,3660.03
1151,2019-02-10,3611.46,3689.32,3685.14,3652.26
1150,2019-02-11,3608.18,3688.59,3611.34,3685.14
1149,2019-02-12,3574.22,3648.67,3617.41,3611.34
1148,2019-02-13,3590.01,3655.89,3605.87,3617.41
1147,2019-02-14,3567.39,3619.7,3588.72,3605.87
1146,2019-02-15,3575.95,3640.65,3593.49,3588.72
1145,2019-02-16,3592.04,3639.75,3617.24,3593.49
1144,2019-02-17,3608.18,3706.17,3670.92,3617.24
1143,2019-02-18,3661.42,3952.44,3912.57,3670.92
1142,2019-02-19,3882.52,4010.91,3924.24,3912.57
1141,2019-02-20,3898.91,3992.31,3974.05,3924.24
1140,2019-02-21,3900.28,4026.54,3937.04,3974.05
1139,2019-02-22,3917.66,3996.15,3983.53,3937.04
1138,2019-02-23,3948.48,4192.39,4149.09,3983.53
1137,2019-02-24,3755.38,4221.62,3771.62,4149.09
1136,2019-02-25,3771.53,3885.06,3845.51,3771.62
1135,2019-02-26,3791.9,3852.66,3817.88,3845.51
1134,2019-02-27,3699.53,3851.84,3830.72,3817.88
1133,2019-02-28,3798.0,3909.86,3823.37,3830.72
1132,2019-03-01,3822.67,3866.12,3831.48,3823.37
1131,2019-03-02,3790.74,3846.38,3842.94,3831.48
1130,2019-03-03,3788.04,3853.28,3812.31,3842.94
1129,2019-03-04,3705.14,3831.01,3731.28,3812.31
1128,2019-03-05,3720.49,3893.52,3874.18,3731.28
1127,2019-03-06,3839.39,3916.29,3874.98,3874.18
1126,2019-03-07,3853.2,3911.76,3882.61,3874.98
1125,2019-03-08,3804.98,3932.02,3868.02,3882.61
1124,2019-03-09,3860.66,3975.25,3947.74,3868.02
1123,2019-03-10,3897.82,3948.21,3929.84,3947.74
1122,2019-03-11,3849.45,3941.99,3874.89,3929.84
1121,2019-03-12,3827.23,3904.7,3888.57,3874.89
1120,2019-03-13,3853.06,3898.25,3878.44,3888.57
1119,2019-03-14,3825.03,3922.21,3881.44,3878.44
1118,2019-03-15,3876.17,3935.1,3927.08,3881.44
1117,2019-03-16,3924.98,4069.11,4027.01,3927.08
1116,2019-03-17,3970.97,4030.38,3998.0,4027.01
1115,2019-03-18,3964.31,4038.99,3988.85,3998.0
1114,2019-03-19,3972.47,4032.04,4024.14,3988.85
1113,2019-03-20,3995.49,4064.95,4056.75,4024.14
1112,2019-03-21,3953.53,4082.29,3996.93,4056.75
1111,2019-03-22,3984.0,4018.21,4000.84,3996.93
1110,2019-03-23,3982.47,4019.36,4007.21,4000.84
1109,2019-03-24,3970.35,4010.3,3994.11,4007.21
1108,2019-03-25,3887.68,4005.29,3924.55,3994.11
1107,2019-03-26,3902.52,3943.2,3942.22,3924.55
1106,2019-03-27,3932.79,4054.32,4045.98,3942.22
1105,2019-03-28,4014.69,4046.44,4036.45,4045.98
1104,2019-03-29,4031.22,4122.89,4111.38,4036.45
1103,2019-03-30,4066.87,4146.88,4118.13,4111.38
1102,2019-03-31,4098.79,4129.43,4112.69,4118.13
1101,2019-04-01,4082.2,4164.33,4151.32,4112.69
1100,2019-04-02,4147.7,5104.42,4906.93,4151.32
1099,2019-04-03,4831.59,5335.7,4976.59,4906.93
1098,2019-04-04,4799.77,5071.98,4913.36,4976.59
1097,2019-04-05,4897.61,5074.13,5047.23,4913.36
1096,2019-04-06,4938.0,5240.19,5057.25,5047.23
1095,2019-04-07,5044.28,5266.04,5201.16,5057.25
1094,2019-04-08,5141.23,5347.88,5294.09,5201.16
1093,2019-04-09,5159.13,5294.09,5201.3,5294.09
1092,2019-04-10,5178.61,5460.94,5318.6,5201.3
1091,2019-04-11,4987.65,5343.66,5048.56,5318.6
1090,2019-04-12,4927.62,5118.61,5081.5,5048.56
1089,2019-04-13,5056.19,5128.96,5080.66,5081.5
1088,2019-04-14,5031.2,5186.82,5165.59,5080.66
1087,2019-04-15,4969.31,5195.31,5037.27,5165.59
1086,2019-04-16,5029.16,5232.03,5212.81,5037.27
1085,2019-04-17,5190.81,5270.76,5236.26,5212.81
1084,2019-04-18,5232.99,5317.78,5289.75,5236.26
1083,2019-04-19,5212.18,5353.01,5295.53,5289.75
1082,2019-04-20,5274.45,5366.6,5326.18,5295.53
1081,2019-04-21,5232.77,5348.59,5305.74,5326.18
1080,2019-04-22,5265.73,5444.76,5394.67,5305.74
1079,2019-04-23,5371.31,5626.83,5539.1,5394.67
1078,2019-04-24,5390.98,5633.0,5454.58,5539.1
1077,2019-04-25,5031.69,5521.61,5162.67,5454.58
1076,2019-04-26,5104.18,5361.94,5234.09,5162.67
1075,2019-04-27,5192.45,5282.97,5229.48,5234.09
1074,2019-04-28,5218.42,5313.7,5272.45,5233.47
1073,2019-04-29,5162.81,5299.51,5237.96,5272.45
1072,2019-04-30,5224.64,5372.23,5350.64,5237.96
1071,2019-05-01,5346.7,5417.17,5389.54,5350.64
1070,2019-05-02,5387.29,5531.15,5500.72,5389.54
1069,2019-05-03,5484.78,5891.9,5753.38,5500.72
1068,2019-05-04,5596.15,5901.36,5840.08,5753.38
1067,2019-05-05,5709.74,5849.5,5794.14,5840.08
1066,2019-05-06,5644.15,5823.67,5748.17,5794.14
1065,2019-05-07,5748.17,6031.54,5819.57,5748.17
1064,2019-05-08,5753.08,6032.25,5998.71,5819.57
1063,2019-05-09,5988.65,6194.91,6171.96,5998.71
1062,2019-05-10,6133.21,6444.57,6358.29,6171.96
1061,2019-05-11,6357.02,7394.94,7191.36,6358.29
1060,2019-05-12,6793.21,7541.61,6977.63,7191.36
1059,2019-05-13,6873.42,8127.75,7806.36,6977.63
1058,2019-05-14,7631.34,8297.02,7980.13,7806.36
1057,2019-05-15,7849.92,8263.29,8183.83,7980.13
1056,2019-05-16,7679.05,8352.25,7874.11,8183.83
1055,2019-05-17,6668.67,7930.98,7371.96,7874.11
1054,2019-05-18,7213.72,7491.67,7266.08,7371.96
1053,2019-05-19,7257.26,8281.66,8193.14,7266.08
1052,2019-05-20,7591.85,8193.14,7998.29,8193.14
1051,2019-05-21,7807.77,8102.32,7947.93,7998.29
1050,2019-05-22,7533.66,8033.76,7626.89,7947.93
1049,2019-05-23,7478.74,7971.26,7876.5,7626.89
1048,2019-05-24,7801.57,8165.45,7996.4,7876.5
1047,2019-05-25,7948.68,8140.82,8059.13,7996.4
1046,2019-05-26,7894.53,8779.0,8726.23,8059.13
1045,2019-05-27,8668.46,8931.53,8785.17,8726.23
1044,2019-05-28,8562.2,8818.71,8718.85,8785.17
1043,2019-05-29,8444.1,8760.48,8664.56,8718.85
1042,2019-05-30,8027.21,9065.89,8276.25,8664.56
1041,2019-05-31,8116.0,8570.78,8550.67,8276.25
1040,2019-06-01,8459.65,8619.21,8555.87,8550.67
1039,2019-06-02,8547.48,8819.9,8737.91,8555.87
1038,2019-06-03,8073.18,8740.24,8114.49,8737.91
1037,2019-06-04,7463.94,8114.49,7677.47,8114.49
1036,2019-06-05,7591.88,7917.14,7791.29,7677.47
1035,2019-06-06,7467.52,7872.1,7807.36,7791.29
1034,2019-06-07,7767.37,8127.63,8002.63,7807.36
1033,2019-06-08,7796.46,8058.91,7933.78,8002.63
1032,2019-06-09,7535.9,7964.75,7643.44,7933.78
1031,2019-06-10,7533.53,8061.5,8021.0,7643.44
1030,2019-06-11,7724.58,8049.78,7917.32,8021.0
1029,2019-06-12,7834.57,8250.0,8174.14,7917.32
1028,2019-06-13,8053.65,8326.2,8235.57,8174.14
1027,2019-06-14,8180.39,8724.42,8693.96,8235.57
1026,2019-06-15,8621.48,8905.14,8853.56,8693.96
1025,2019-06-16,8800.96,9372.89,8979.18,8853.56
1024,2019-06-17,8976.99,9468.85,9336.01,8979.18
1023,2019-06-18,8941.83,9357.22,9081.71,9336.01
1022,2019-06-19,9045.47,9313.18,9280.54,9081.71
1021,2019-06-20,9219.81,9600.28,9536.85,9280.54
1020,2019-06-21,9536.85,10230.86,10218.87,9536.85
1019,2019-06-22,10086.32,11207.97,10689.54,10218.87
1018,2019-06-23,10513.81,11285.51,10855.99,10689.54
1017,2019-06-24,10555.71,11100.92,11035.74,10855.99
1016,2019-06-25,10992.37,11778.22,11740.34,11035.74
1015,2019-06-26,11679.1,13826.76,12913.28,11740.34
1014,2019-06-27,10335.34,13314.05,11154.09,12913.28
1013,2019-06-28,10772.75,12433.0,12355.06,11154.09
1012,2019-06-29,11352.27,12362.9,11884.1,12355.06
1011,2019-06-30,10677.83,12200.02,10769.05,11884.1
1010,2019-07-01,10006.43,11207.0,10591.87,10769.05
1009,2019-07-02,9678.1,10927.6,10844.13,10591.87
1008,2019-07-03,10841.91,12009.59,11981.61,10844.13
1007,2019-07-04,11067.68,12055.11,11156.52,11981.61
1006,2019-07-05,10787.94,11435.38,10993.25,11156.52
1005,2019-07-06,10985.4,11709.27,11248.94,10993.25
1004,2019-07-07,11109.42,11605.43,11474.28,11248.94
1003,2019-07-08,11339.02,12386.28,12296.16,11474.28
1002,2019-07-09,12117.31,12808.06,12567.02,12296.16
1001,2019-07-10,11569.94,13183.73,12099.12,12567.02
1000,2019-07-11,11002.39,12099.91,11343.12,12099.12
999,2019-07-12,11096.61,11931.91,11797.37,11343.12
998,2019-07-13,10827.53,11835.87,11363.97,11797.37
997,2019-07-14,10118.85,11447.92,10204.41,11363.97
996,2019-07-15,9877.02,11070.18,10850.26,10204.41
995,2019-07-16,9366.82,11025.76,9423.44,10850.26
994,2019-07-17,9086.51,9982.24,9696.15,9423.44
993,2019-07-18,9292.61,10776.54,10638.35,9696.15
992,2019-07-19,10135.16,10757.41,10532.94,10638.35
991,2019-07-20,10379.19,11094.32,10759.42,10532.94
990,2019-07-21,10329.89,10833.99,10586.71,10759.42
989,2019-07-22,10072.07,10676.6,10325.87,10586.71
988,2019-07-23,9820.61,10328.44,9854.15,10325.87
987,2019-07-24,9535.78,9920.54,9772.14,9854.15
986,2019-07-25,9744.7,10184.43,9882.43,9772.14
985,2019-07-26,9668.52,9890.05,9847.45,9882.43
984,2019-07-27,9310.47,10202.95,9478.32,9847.45
983,2019-07-28,9135.64,9591.52,9531.77,9478.32
982,2019-07-29,9386.9,9717.69,9506.93,9531.77
981,2019-07-30,9391.78,9749.53,9595.52,9506.93
980,2019-07-31,9581.6,10123.94,10089.25,9595.52
979,2019-08-01,9890.49,10488.81,10409.79,10089.25
978,2019-08-02,10340.82,10666.64,10528.99,10409.79
977,2019-08-03,10509.35,10915.0,10820.41,10528.99
976,2019-08-04,10572.24,11074.95,10978.91,10820.41
975,2019-08-05,10978.89,11945.38,11807.96,10978.91
974,2019-08-06,11224.1,12316.85,11467.1,11807.96
973,2019-08-07,11393.98,12138.55,11974.28,11467.1
972,2019-08-08,11498.04,12042.87,11982.8,11974.28
971,2019-08-09,11674.06,12027.57,11865.21,11982.8
970,2019-08-10,11232.42,11971.35,11293.59,11865.21
969,2019-08-11,11119.32,11584.35,11549.06,11293.59
968,2019-08-12,11240.38,11554.74,11387.41,11549.06
967,2019-08-13,10765.3,11439.48,10872.0,11387.41
966,2019-08-14,9924.58,10873.44,10031.89,10872.0
965,2019-08-15,9497.12,10451.61,10308.51,10031.89
964,2019-08-16,9764.32,10544.97,10360.43,10308.51
963,2019-08-17,10010.76,10474.64,10220.75,10360.43
962,2019-08-18,10079.46,10512.89,10326.25,10220.75
961,2019-08-19,10278.31,10937.26,10922.16,10326.25
960,2019-08-20,10576.37,10956.06,10770.76,10922.16
959,2019-08-21,9870.07,10805.7,10131.67,10770.76
958,2019-08-22,9777.06,10231.99,10104.11,10131.67
957,2019-08-23,10053.67,10468.14,10410.49,10104.11
956,2019-08-24,9911.2,10430.99,10150.07,10410.49
955,2019-08-25,9907.03,10353.95,10141.75,10150.07
954,2019-08-26,10141.75,10626.93,10364.91,10141.75
953,2019-08-27,10038.26,10381.92,10175.47,10364.91
952,2019-08-28,9600.83,10281.59,9722.83,10175.47
951,2019-08-29,9344.69,9724.52,9492.81,9722.83
950,2019-08-30,9368.27,9699.85,9587.25,9492.81
949,2019-08-31,9512.03,9714.11,9624.54,9587.25
948,2019-09-01,9578.66,9823.53,9768.36,9624.54
947,2019-09-02,9764.76,10459.0,10387.5,9768.36
946,2019-09-03,10296.3,10773.27,10625.1,10387.5
945,2019-09-04,10392.88,10827.14,10585.2,10625.1
944,2019-09-05,10475.88,10659.6,10556.16,10585.2
943,2019-09-06,10228.17,10938.39,10309.91,10556.16
942,2019-09-07,10304.22,10574.99,10491.96,10309.91
941,2019-09-08,10286.85,10595.71,10420.88,10491.96
940,2019-09-09,10101.87,10514.59,10314.88,10420.88
939,2019-09-10,9966.94,10395.1,10109.46,10314.88
938,2019-09-11,9874.13,10251.97,10165.01,10109.46
937,2019-09-12,10057.09,10472.07,10428.96,10165.01
936,2019-09-13,9855.34,10591.45,10372.29,10428.96
935,2019-09-14,10251.96,10455.38,10365.56,10372.29
934,2019-09-15,10279.58,10401.53,10313.02,10365.56
933,2019-09-16,10103.87,10411.06,10271.79,10313.02
932,2019-09-17,10152.47,10297.99,10198.62,10271.79
931,2019-09-18,10100.9,10272.19,10163.38,10198.62
930,2019-09-19,9641.11,10368.46,10281.03,10163.38
929,2019-09-20,10065.55,10321.18,10176.38,10281.03
928,2019-09-21,9944.61,10187.64,9988.38,10176.38
927,2019-09-22,9871.97,10096.66,10036.98,9988.38
926,2019-09-23,9636.2,10073.79,9694.6,10036.98
925,2019-09-24,8107.01,9787.58,8542.54,9694.6
924,2019-09-25,8246.24,8752.2,8446.97,8542.54
923,2019-09-26,7753.71,8471.02,8074.99,8446.97
922,2019-09-27,7888.5,8304.22,8201.36,8074.99
921,2019-09-28,8044.45,8345.03,8223.65,8201.36
920,2019-09-29,7943.33,8265.99,8065.26,8223.65
919,2019-09-30,7736.96,8372.24,8314.62,8065.26
918,2019-10-01,8212.01,8537.6,8326.64,8314.62
917,2019-10-02,8186.3,8403.51,8391.52,8326.64
916,2019-10-03,8105.02,8434.63,8246.3,8391.52
915,2019-10-04,8021.3,8267.11,8168.05,8246.3
914,2019-10-05,8052.51,8232.25,8172.48,8168.05
913,2019-10-06,7822.65,8221.03,7868.31,8172.48
912,2019-10-07,7798.09,8326.01,8215.11,7868.31
911,2019-10-08,8126.71,8354.19,8191.87,8215.11
910,2019-10-09,8132.74,8697.56,8593.16,8191.87
909,2019-10-10,8466.13,8672.58,8596.57,8593.16
908,2019-10-11,8259.77,8834.11,8278.05,8596.57
907,2019-10-12,8272.12,8439.44,8316.66,8278.05
906,2019-10-13,8194.16,8498.59,8296.34,8316.66
905,2019-10-14,8228.06,8414.24,8363.94,8296.34
904,2019-10-15,8116.92,8439.31,8173.48,8363.94
903,2019-10-16,7945.77,8193.41,8014.39,8173.48
902,2019-10-17,7948.95,8145.5,8082.46,8014.39
901,2019-10-18,7850.66,8157.36,7972.62,8082.46
900,2019-10-19,7919.05,8108.69,7973.63,7972.62
899,2019-10-20,7911.49,8326.13,8247.25,7973.63
898,2019-10-21,8177.11,8359.52,8223.25,8247.25
897,2019-10-22,8021.36,8318.41,8034.5,8223.25
896,2019-10-23,7336.06,8071.8,7479.54,8034.5
895,2019-10-24,7370.13,7524.31,7444.2,7479.54
894,2019-10-25,7431.2,8783.85,8671.1,7444.2
893,2019-10-26,8654.84,10380.48,9258.98,8671.1
892,2019-10-27,9114.58,9805.42,9550.6,9258.98
891,2019-10-28,9201.49,9934.71,9222.23,9550.6
890,2019-10-29,9099.36,9565.11,9432.86,9222.23
889,2019-10-30,9018.3,9441.8,9169.86,9432.86
888,2019-10-31,8972.0,9423.16,9157.52,9169.86
887,2019-11-01,9072.62,9308.62,9260.59,9157.52
886,2019-11-02,9223.46,9400.44,9311.99,9260.59
885,2019-11-03,9108.22,9396.1,9221.61,9311.99
884,2019-11-04,9141.0,9578.74,9421.54,9221.61
883,2019-11-05,9196.64,9495.36,9323.61,9421.54
882,2019-11-06,9269.82,9455.53,9347.27,9323.61
881,2019-11-07,9114.14,9382.63,9208.52,9347.27
880,2019-11-08,8682.74,9263.83,8772.31,9208.52
879,2019-11-09,8732.62,8881.08,8822.19,8772.31
878,2019-11-10,8767.94,9126.98,9045.85,8822.19
877,2019-11-11,8619.78,9084.49,8726.31,9045.85
876,2019-11-12,8576.09,8868.85,8815.14,8726.31
875,2019-11-13,8721.68,8840.33,8773.82,8815.14
874,2019-11-14,8584.92,8811.04,8640.42,8773.82
873,2019-11-15,8393.29,8773.4,8468.57,8640.42
872,2019-11-16,8442.03,8539.42,8498.94,8468.57
871,2019-11-17,8411.3,8641.12,8515.28,8498.94
870,2019-11-18,8075.63,8537.87,8190.16,8515.28
869,2019-11-19,8016.54,8215.95,8133.57,8190.16
868,2019-11-20,8047.73,8232.23,8093.6,8133.57
867,2019-11-21,7437.33,8133.73,7632.59,8093.6
866,2019-11-22,6815.03,7721.9,7292.2,7632.59
865,2019-11-23,7119.41,7368.18,7339.24,7292.2
864,2019-11-24,6888.89,7364.59,6930.09,7339.24
863,2019-11-25,6560.13,7386.06,7138.23,6930.09
862,2019-11-26,7042.5,7350.44,7170.11,7138.23
861,2019-11-27,6873.1,7681.51,7531.5,7170.11
860,2019-11-28,7388.79,7663.45,7442.33,7531.5
859,2019-11-29,7425.49,7872.17,7769.38,7442.33
858,2019-11-30,7487.1,7821.01,7571.77,7769.38
857,2019-12-01,7261.95,7575.5,7420.53,7571.77
856,2019-12-02,7193.09,7442.62,7320.94,7420.53
855,2019-12-03,7260.93,7420.34,7313.64,7320.94
854,2019-12-04,7110.76,7764.68,7207.78,7313.64
853,2019-12-05,7175.85,7492.96,7406.75,7207.78
852,2019-12-06,7323.86,7607.79,7558.58,7406.75
851,2019-12-07,7503.1,7640.51,7514.86,7558.58
850,2019-12-08,7414.51,7594.8,7539.7,7514.86
849,2019-12-09,7296.42,7667.04,7350.62,7539.7
848,2019-12-10,7176.42,7403.64,7233.84,7350.62
847,2019-12-11,7167.13,7284.74,7212.01,7233.84
846,2019-12-12,7105.35,7307.96,7199.39,7212.01
845,2019-12-13,7199.39,7308.08,7261.72,7199.39
844,2019-12-14,7033.14,7283.78,7080.29,7261.72
843,2019-12-15,7030.37,7204.93,7132.39,7080.29
842,2019-12-16,6869.19,7172.46,6897.33,7132.39
841,2019-12-17,6585.46,6948.12,6635.84,6897.33
840,2019-12-18,6450.69,7442.26,7294.53,6635.84
839,2019-12-19,7057.66,7376.98,7159.26,7294.53
838,2019-12-20,7094.06,7234.56,7203.41,7159.26
837,2019-12-21,7132.82,7213.86,7159.47,7203.41
836,2019-12-22,7143.17,7527.4,7517.58,7159.47
835,2019-12-23,7275.28,7694.65,7326.6,7517.58
834,2019-12-24,7175.5,7429.42,7260.91,7326.6
833,2019-12-25,7132.3,7280.52,7202.72,7260.91
832,2019-12-26,7167.44,7442.21,7207.23,7202.72
831,2019-12-27,7061.61,7267.46,7253.82,7207.23
830,2019-12-28,7253.61,7368.09,7316.23,7253.82
829,2019-12-29,7295.33,7540.65,7399.49,7316.23
828,2019-12-30,7224.79,7414.07,7234.44,7399.49
827,2019-12-31,7141.94,7325.24,7183.88,7234.44
826,2020-01-01,7171.82,7267.16,7189.94,7183.88
825,2020-01-02,6945.83,7224.84,6965.72,7189.94
824,2020-01-03,6882.62,7407.11,7339.7,6965.72
823,2020-01-04,7278.6,7405.75,7357.5,7339.7
822,2020-01-05,7330.07,7501.42,7359.96,7357.5
821,2020-01-06,7355.11,7799.63,7762.69,7359.96
820,2020-01-07,7736.57,8218.63,8160.36,7762.69
819,2020-01-08,7873.97,8458.65,8045.15,8160.36
818,2020-01-09,7757.04,8047.11,7817.35,8045.15
817,2020-01-10,7682.56,8192.05,8190.31,7817.35
816,2020-01-11,8003.87,8287.42,8024.58,8190.31
815,2020-01-12,7968.4,8185.14,8181.49,8024.58
814,2020-01-13,8057.37,8200.4,8106.56,8181.49
813,2020-01-14,8106.4,8874.07,8820.95,8106.56
812,2020-01-15,8559.93,8890.04,8813.21,8820.95
811,2020-01-16,8586.56,8846.78,8719.63,8813.21
810,2020-01-17,8665.99,9004.35,8894.83,8719.63
809,2020-01-18,8807.26,8974.65,8909.28,8894.83
808,2020-01-19,8508.15,9177.39,8702.59,8909.28
807,2020-01-20,8521.52,8737.36,8634.03,8702.59
806,2020-01-21,8479.9,8771.75,8724.84,8634.03
805,2020-01-22,8582.43,8793.74,8667.26,8724.84
804,2020-01-23,8290.98,8680.93,8394.28,8667.26
803,2020-01-24,8225.83,8517.5,8431.78,8394.28
802,2020-01-25,8263.42,8444.32,8345.88,8431.78
801,2020-01-26,8302.57,8605.33,8602.37,8345.88
800,2020-01-27,8572.37,8991.01,8898.94,8602.37
799,2020-01-28,8892.58,9407.39,9391.97,8898.94
798,2020-01-29,9234.27,9429.16,9286.18,9391.97
797,2020-01-30,9181.72,9561.26,9501.38,9286.18
796,2020-01-31,9208.36,9518.87,9342.23,9501.38
795,2020-02-01,9296.57,9455.92,9384.45,9342.23
794,2020-02-02,9169.21,9469.84,9334.25,9384.45
793,2020-02-03,9230.83,9605.66,9288.96,9334.25
792,2020-02-04,9089.52,9347.12,9171.98,9288.96
791,2020-02-05,9162.98,9750.28,9611.42,9171.98
790,2020-02-06,9533.37,9853.08,9755.84,9611.42
789,2020-02-07,9714.16,9866.18,9808.36,9755.84
788,2020-02-08,9665.26,9936.26,9898.25,9808.36
787,2020-02-09,9880.67,10162.71,10157.78,9898.25
786,2020-02-10,9761.16,10185.09,9858.03,10157.78
785,2020-02-11,9716.32,10370.44,10269.43,9858.03
784,2020-02-12,10250.55,10475.43,10347.93,10269.43
783,2020-02-13,10081.02,10500.54,10233.32,10347.93
782,2020-02-14,10103.67,10387.37,10360.37,10233.32
781,2020-02-15,9789.89,10388.6,9905.43,10360.37
780,2020-02-16,9634.4,10042.6,9925.51,9905.43
779,2020-02-17,9482.71,9958.46,9702.48,9925.51
778,2020-02-18,9618.77,10274.35,10182.6,9702.48
777,2020-02-19,9340.17,10300.04,9602.43,10182.6
776,2020-02-20,9402.81,9698.59,9608.8,9602.43
775,2020-02-21,9582.07,9766.16,9697.86,9608.8
774,2020-02-22,9577.84,9720.21,9671.46,9697.86
773,2020-02-23,9669.88,10011.4,9977.39,9671.46
772,2020-02-24,9495.76,10019.3,9664.21,9977.39
771,2020-02-25,9258.4,9682.05,9316.18,9664.21
770,2020-02-26,8652.97,9379.07,8793.5,9316.18
769,2020-02-27,8540.74,8978.84,8821.5,8793.5
768,2020-02-28,8449.12,8908.8,8719.29,8821.5
767,2020-02-29,8545.32,8815.63,8545.45,8719.29
766,2020-03-01,8443.57,8776.71,8549.38,8545.45
765,2020-03-02,8521.79,8983.78,8919.74,8549.38
764,2020-03-03,8680.57,8940.69,8765.68,8919.74
763,2020-03-04,8690.82,8863.91,8773.78,8765.68
762,2020-03-05,8772.83,9179.74,9074.82,8773.78
761,2020-03-06,9015.35,9183.26,9160.39,9074.82
760,2020-03-07,8880.33,9225.42,8903.72,9160.39
759,2020-03-08,8033.06,8920.28,8057.67,8903.72
758,2020-03-09,7664.34,8200.82,7944.4,8057.67
757,2020-03-10,7758.12,8165.09,7894.66,7944.4
756,2020-03-11,7614.48,7998.79,7945.36,7894.66
755,2020-03-12,4736.21,7984.16,4916.78,7945.36
754,2020-03-13,3948.92,5984.55,5632.58,4916.78
753,2020-03-14,5069.29,5665.57,5181.77,5632.58
752,2020-03-15,5114.06,5961.78,5357.02,5181.77
751,2020-03-16,4454.22,5364.93,5045.0,5357.02
750,2020-03-17,4950.9,5561.43,5337.66,5045.0
749,2020-03-18,5024.71,5451.02,5413.06,5337.66
748,2020-03-19,5268.33,6418.99,6184.88,5413.06
747,2020-03-20,5691.69,6932.04,6206.44,6184.88
746,2020-03-21,5876.79,6459.65,6195.43,6206.44
745,2020-03-22,5750.68,6415.14,5828.15,6195.43
744,2020-03-23,5703.64,6614.56,6503.53,5828.15
743,2020-03-24,6406.64,6857.49,6767.18,6503.53
742,2020-03-25,6483.0,6980.29,6694.21,6767.18
741,2020-03-26,6539.61,6796.12,6757.95,6694.21
740,2020-03-27,6312.53,6876.97,6382.8,6757.95
739,2020-03-28,6051.23,6384.56,6252.49,6382.8
738,2020-03-29,5882.2,6286.96,5882.2,6252.49
737,2020-03-30,5874.8,6616.94,6403.31,5882.2
736,2020-03-31,6350.61,6531.66,6423.61,6403.31
735,2020-04-01,6168.0,6716.04,6663.63,6423.61
734,2020-04-02,6585.75,7245.15,6804.42,6663.63
733,2020-04-03,6618.82,7044.01,6743.68,6804.42
732,2020-04-04,6671.05,7010.45,6875.95,6743.68
731,2020-04-05,6689.07,6910.39,6781.64,6875.95
730,2020-04-06,6779.91,7359.05,7347.22,6781.64
729,2020-04-07,7084.52,7462.51,7201.57,7347.22
728,2020-04-08,7157.96,7425.85,7367.37,7201.57
727,2020-04-09,7124.88,7374.01,7294.55,7367.37
726,2020-04-10,6757.67,7304.8,6876.49,7294.55
725,2020-04-11,6785.52,6956.27,6887.6,6876.49
724,2020-04-12,6802.16,7199.97,6913.76,6887.6
723,2020-04-13,6612.34,6913.76,6859.43,6913.76
722,2020-04-14,6773.97,6986.75,6879.44,6859.43
721,2020-04-15,6614.79,6937.49,6629.54,6879.44
720,2020-04-16,6487.08,7207.11,7114.55,6629.54
719,2020-04-17,7005.79,7155.17,7037.12,7114.55
718,2020-04-18,7028.43,7304.35,7264.29,7037.12
717,2020-04-19,7072.33,7276.84,7132.88,7264.29
716,2020-04-20,6770.07,7225.23,6842.45,7132.88
715,2020-04-21,6779.51,6948.78,6855.11,6842.45
714,2020-04-22,6831.44,7165.43,7135.41,6855.11
713,2020-04-23,7041.2,7731.56,7489.25,7135.41
712,2020-04-24,7408.35,7607.28,7509.44,7489.25
711,2020-04-25,7445.98,7708.4,7546.92,7509.44
710,2020-04-26,7497.88,7705.3,7701.35,7546.92
709,2020-04-27,7639.98,7790.33,7787.41,7701.35
708,2020-04-28,7671.26,7791.85,7760.32,7787.41
707,2020-04-29,7733.02,8952.44,8784.96,7760.32
706,2020-04-30,8416.64,9460.77,8637.56,8784.96
705,2020-05-01,8631.39,9066.47,8829.12,8637.56
704,2020-05-02,8768.81,9013.29,8981.11,8829.12
703,2020-05-03,8735.78,9197.48,8907.19,8981.11
702,2020-05-04,8537.49,8968.9,8881.65,8907.19
701,2020-05-05,8781.58,9119.13,9029.75,8881.65
700,2020-05-06,8924.06,9408.99,9153.2,9029.75
699,2020-05-07,9042.52,10064.33,9999.93,9153.2
698,2020-05-08,9728.64,10041.73,9808.18,9999.93
697,2020-05-09,9525.77,9912.22,9541.13,9808.18
696,2020-05-10,8228.22,9556.85,8735.05,9541.13
695,2020-05-11,8228.58,9164.84,8568.88,8735.05
694,2020-05-12,8541.95,8975.74,8821.18,8568.88
693,2020-05-13,8807.57,9407.67,9317.44,8821.18
692,2020-05-14,9263.29,9937.97,9793.19,9317.44
691,2020-05-15,9149.13,9841.71,9311.69,9793.19
690,2020-05-16,9224.32,9584.9,9387.08,9311.69
689,2020-05-17,9334.23,9885.55,9670.56,9387.08
688,2020-05-18,9476.37,9943.74,9722.73,9670.56
687,2020-05-19,9471.96,9890.69,9780.2,9722.73
686,2020-05-20,9323.82,9832.94,9509.45,9780.2
685,2020-05-21,8811.54,9566.81,9059.11,9509.45
684,2020-05-22,8936.82,9265.04,9170.74,9059.11
683,2020-05-23,9101.08,9311.34,9186.19,9170.74
682,2020-05-24,8707.14,9307.11,8718.49,9186.19
681,2020-05-25,8639.46,8977.43,8901.48,8718.49
680,2020-05-26,8705.66,9011.53,8844.5,8901.48
679,2020-05-27,8820.55,9222.3,9204.62,8844.5
678,2020-05-28,9112.3,9619.34,9579.71,9204.62
677,2020-05-29,9344.8,9601.43,9424.62,9579.71
676,2020-05-30,9340.45,9735.73,9699.78,9424.62
675,2020-05-31,9400.25,9703.51,9450.47,9699.78
674,2020-06-01,9421.6,10359.02,10211.23,9450.47
673,2020-06-02,9344.53,10232.25,9523.75,10211.23
672,2020-06-03,9408.56,9666.25,9666.06,9523.75
671,2020-06-04,9470.9,9877.89,9794.55,9666.06
670,2020-06-05,9611.19,9846.54,9622.02,9794.55
669,2020-06-06,9536.15,9728.4,9671.46,9622.02
668,2020-06-07,9410.33,9806.21,9750.7,9671.46
667,2020-06-08,9658.72,9801.19,9782.58,9750.7
666,2020-06-09,9604.13,9884.83,9779.7,9782.58
665,2020-06-10,9708.63,9990.4,9891.84,9779.7
664,2020-06-11,9093.42,9970.77,9268.13,9891.84
663,2020-06-12,9238.24,9548.13,9464.23,9268.13
662,2020-06-13,9363.89,9492.0,9474.65,9464.23
661,2020-06-14,9251.02,9479.56,9333.7,9474.65
660,2020-06-15,8909.5,9498.69,9429.65,9333.7
659,2020-06-16,9383.33,9585.17,9526.7,9429.65
658,2020-06-17,9243.06,9550.06,9459.13,9526.7
657,2020-06-18,9276.18,9480.04,9380.67,9459.13
656,2020-06-19,9239.58,9419.99,9301.83,9380.67
655,2020-06-20,9179.1,9394.04,9359.18,9301.83
654,2020-06-21,9282.53,9418.22,9292.81,9359.18
653,2020-06-22,9283.26,9774.79,9691.61,9292.81
652,2020-06-23,9580.47,9720.11,9624.3,9691.61
651,2020-06-24,9206.05,9664.38,9292.94,9624.3
650,2020-06-25,9000.53,9335.65,9241.32,9292.94
649,2020-06-26,9041.42,9289.32,9158.07,9241.32
648,2020-06-27,8867.34,9190.27,9007.14,9158.07
647,2020-06-28,8946.05,9189.74,9120.39,9007.14
646,2020-06-29,9026.42,9234.33,9187.07,9120.39
645,2020-06-30,9068.77,9200.99,9136.47,9187.07
644,2020-07-01,9097.33,9299.67,9238.89,9136.47
643,2020-07-02,8954.67,9267.84,9092.8,9238.89
642,2020-07-03,9047.38,9127.05,9066.46,9092.8
641,2020-07-04,9052.4,9195.91,9142.2,9066.46
640,2020-07-05,8935.9,9152.87,9081.44,9142.2
639,2020-07-06,9067.64,9372.09,9347.05,9081.44
638,2020-07-07,9208.31,9378.69,9257.32,9347.05
637,2020-07-08,9236.9,9471.65,9439.2,9257.32
636,2020-07-09,9171.37,9441.67,9238.95,9439.2
635,2020-07-10,9128.71,9317.31,9288.57,9238.95
634,2020-07-11,9188.13,9302.22,9237.13,9288.57
633,2020-07-12,9169.13,9339.99,9300.95,9237.13
632,2020-07-13,9201.18,9336.42,9237.89,9300.95
631,2020-07-14,9109.7,9279.57,9256.07,9237.89
630,2020-07-15,9160.89,9272.57,9193.22,9256.07
629,2020-07-16,9029.17,9216.53,9133.23,9193.22
628,2020-07-17,9080.61,9183.08,9156.79,9133.23
627,2020-07-18,9125.92,9205.94,9177.22,9156.79
626,2020-07-19,9113.41,9238.3,9216.02,9177.22
625,2020-07-20,9136.9,9224.76,9164.42,9216.02
624,2020-07-21,9162.25,9435.55,9392.83,9164.42
623,2020-07-22,9289.85,9551.87,9537.24,9392.83
622,2020-07-23,9458.25,9675.5,9615.21,9537.24
621,2020-07-24,9477.19,9647.83,9550.23,9615.21
620,2020-07-25,9536.76,9744.72,9708.41,9550.23
619,2020-07-26,9659.08,10140.55,9942.01,9708.41
618,2020-07-27,9935.51,11397.48,11042.94,9942.01
617,2020-07-28,10590.98,11253.39,10933.26,11042.94
616,2020-07-29,10854.04,11348.53,11112.04,10933.26
615,2020-07-30,10875.14,11182.76,11113.66,11112.04
614,2020-07-31,10981.87,11454.11,11352.72,11113.66
613,2020-08-01,11240.98,11874.77,11812.42,11352.72
612,2020-08-02,10694.22,12106.89,11063.5,11812.42
611,2020-08-03,10945.66,11476.29,11234.73,11063.5
610,2020-08-04,11021.07,11415.16,11194.18,11234.73
609,2020-08-05,11095.47,11791.62,11752.05,11194.18
608,2020-08-06,11577.8,11909.81,11771.27,11752.05
607,2020-08-07,11350.42,11912.62,11603.82,11771.27
606,2020-08-08,11534.87,11811.4,11770.77,11603.82
605,2020-08-09,11533.93,11802.93,11686.34,11770.77
604,2020-08-10,11640.41,12074.31,11897.41,11686.34
603,2020-08-11,11138.6,11940.4,11389.01,11897.41
602,2020-08-12,11182.8,11621.05,11570.19,11389.01
601,2020-08-13,11284.57,11795.34,11790.68,11570.19
600,2020-08-14,11657.2,11863.43,11774.52,11790.68
599,2020-08-15,11697.88,11981.62,11860.91,11774.52
598,2020-08-16,11701.22,11934.96,11917.97,11860.91
597,2020-08-17,11775.66,12474.73,12301.19,11917.97
596,2020-08-18,11855.24,12397.4,11956.69,12301.19
595,2020-08-19,11592.2,12021.8,11760.37,11956.69
594,2020-08-20,11679.03,11888.72,11863.43,11760.37
593,2020-08-21,11494.52,11882.67,11527.35,11863.43
592,2020-08-22,11379.06,11686.02,11670.42,11527.35
591,2020-08-23,11521.6,11713.62,11651.52,11670.42
590,2020-08-24,11594.64,11827.45,11756.4,11651.52
589,2020-08-25,11130.36,11767.64,11330.56,11756.4
588,2020-08-26,11259.23,11542.65,11466.89,11330.56
587,2020-08-27,11135.52,11591.64,11331.02,11466.89
586,2020-08-28,11289.07,11553.81,11535.21,11331.02
585,2020-08-29,11433.8,11585.98,11480.48,11535.21
584,2020-08-30,11470.07,11718.98,11716.54,11480.48
583,2020-08-31,11586.36,11775.27,11657.81,11716.54
582,2020-09-01,11540.42,12062.06,11926.69,11657.81
581,2020-09-02,11219.19,11954.28,11397.9,11926.69
580,2020-09-03,10017.43,11469.2,10174.62,11397.9
579,2020-09-04,10020.02,10638.71,10467.33,10174.62
578,2020-09-05,9880.05,10570.95,10167.97,10467.33
577,2020-09-06,10019.56,10361.12,10260.37,10167.97
576,2020-09-07,9893.68,10411.92,10379.08,10260.37
575,2020-09-08,9855.68,10443.72,10128.54,10379.08
574,2020-09-09,9989.63,10349.09,10228.85,10128.54
573,2020-09-10,10221.37,10493.32,10345.68,10228.85
572,2020-09-11,10215.49,10412.6,10398.5,10345.68
571,2020-09-12,10282.43,10486.76,10448.0,10398.5
570,2020-09-13,10224.4,10578.97,10332.36,10448.0
569,2020-09-14,10259.62,10753.33,10678.31,10332.36
568,2020-09-15,10632.26,10936.89,10786.7,10678.31
567,2020-09-16,10670.02,11094.7,10957.1,10786.7
566,2020-09-17,10755.99,11047.25,10945.14,10957.1
565,2020-09-18,10823.93,11040.66,10937.89,10945.14
564,2020-09-19,10898.63,11173.88,11083.61,10937.89
563,2020-09-20,10775.23,11083.9,10921.85,11083.61
562,2020-09-21,10319.73,10992.25,10418.14,10921.85
561,2020-09-22,10365.99,10576.92,10534.73,10418.14
560,2020-09-23,10166.62,10546.48,10238.09,10534.73
559,2020-09-24,10213.75,10792.17,10742.98,10238.09
558,2020-09-25,10562.14,10762.38,10694.12,10742.98
557,2020-09-26,10658.15,10822.99,10734.23,10694.12
556,2020-09-27,10612.42,10810.35,10781.47,10734.23
555,2020-09-28,10649.18,10951.6,10699.0,10781.47
554,2020-09-29,10641.03,10863.02,10841.29,10699.0
553,2020-09-30,10666.17,10850.12,10779.42,10841.29
552,2020-10-01,10454.66,10926.47,10622.79,10779.42
551,2020-10-02,10388.07,10668.49,10576.64,10622.79
550,2020-10-03,10507.49,10602.28,10552.04,10576.64
549,2020-10-04,10534.5,10699.94,10675.52,10552.04
548,2020-10-05,10627.77,10799.53,10795.11,10675.52
547,2020-10-06,10533.32,10801.66,10603.9,10795.11
546,2020-10-07,10554.41,10679.76,10672.67,10603.9
545,2020-10-08,10541.2,10957.42,10929.4,10672.67
544,2020-10-09,10839.3,11109.32,11058.78,10929.4
543,2020-10-10,11057.98,11485.43,11301.57,11058.78
542,2020-10-11,11284.09,11434.1,11375.51,11301.57
541,2020-10-12,11223.99,11725.28,11539.76,11375.51
540,2020-10-13,11314.56,11561.69,11427.29,11539.76
539,2020-10-14,11298.88,11550.25,11429.3,11427.29
538,2020-10-15,11269.05,11607.59,11508.31,11429.3
537,2020-10-16,11224.89,11545.35,11326.25,11508.31
536,2020-10-17,11270.69,11410.01,11367.65,11326.25
535,2020-10-18,11357.25,11513.68,11513.33,11367.65
534,2020-10-19,11417.11,11821.95,11756.88,11513.33
533,2020-10-20,11688.39,12047.73,11921.78,11756.88
532,2020-10-21,11900.51,13236.39,12813.11,11921.78
531,2020-10-22,12700.74,13197.69,12990.25,12813.11
530,2020-10-23,12732.62,13031.82,12937.2,12990.25
529,2020-10-24,12886.47,13167.31,13126.13,12937.2
528,2020-10-25,12910.39,13346.7,13041.21,13126.13
527,2020-10-26,12797.05,13241.79,13069.43,13041.21
526,2020-10-27,13060.64,13783.14,13646.02,13069.43
525,2020-10-28,12906.15,13855.57,13285.97,13646.02
524,2020-10-29,12985.56,13643.6,13462.18,13285.97
523,2020-10-30,13132.53,13674.89,13565.95,13462.18
522,2020-10-31,13432.24,14077.8,13803.41,13565.95
521,2020-11-01,13630.22,13897.02,13761.72,13803.41
520,2020-11-02,13221.65,13828.48,13571.24,13761.72
519,2020-11-03,13300.84,14071.54,14023.78,13571.24
518,2020-11-04,13539.13,14258.9,14157.73,14023.78
517,2020-11-05,14114.37,15739.47,15599.92,14157.73
516,2020-11-06,15219.57,15948.88,15590.62,15599.92
515,2020-11-07,14427.34,15765.02,14838.16,15590.62
514,2020-11-08,14739.11,15653.89,15488.25,14838.16
513,2020-11-09,14833.13,15812.23,15335.03,15488.25
512,2020-11-10,15099.11,15476.99,15313.73,15335.03
511,2020-11-11,15288.76,15983.03,15707.08,15313.73
510,2020-11-12,15476.25,16348.99,16306.53,15707.08
509,2020-11-13,15975.8,16482.62,16332.85,16306.53
508,2020-11-14,15720.61,16334.29,16075.95,16332.85
507,2020-11-15,15796.03,16156.82,15964.7,16075.95
506,2020-11-16,15877.77,16876.48,16721.46,15964.7
505,2020-11-17,16563.5,17857.37,17681.54,16721.46
504,2020-11-18,17260.91,18466.1,17786.27,17681.54
503,2020-11-19,17365.08,18172.87,17824.64,17786.27
502,2020-11-20,17764.07,18814.87,18672.78,17824.64
501,2020-11-21,18359.06,18966.12,18704.06,18672.78
500,2020-11-22,17635.18,18757.55,18430.59,18704.06
499,2020-11-23,18010.51,18761.66,18385.74,18430.59
498,2020-11-24,18117.78,19419.49,19157.16,18385.74
497,2020-11-25,18519.89,19488.81,18725.76,19157.16
496,2020-11-26,16270.37,18907.31,17175.86,18725.76
495,2020-11-27,16462.87,17479.12,17155.0,17175.86
494,2020-11-28,16895.0,17893.95,17739.9,17155.0
493,2020-11-29,17543.55,18347.24,18199.23,17739.9
492,2020-11-30,18199.03,19850.23,19686.87,18199.23
491,2020-12-01,18194.17,19911.79,18792.03,19686.87
490,2020-12-02,18350.0,19337.16,19226.19,18792.03
489,2020-12-03,18888.12,19608.49,19448.44,19226.19
488,2020-12-04,18603.79,19541.62,18665.0,19448.44
487,2020-12-05,18514.92,19178.4,19156.84,18665.0
486,2020-12-06,18885.88,19417.33,19378.94,19156.84
485,2020-12-07,18909.97,19411.51,19181.41,19378.94
484,2020-12-08,18227.31,19295.38,18323.52,19181.41
483,2020-12-09,17669.15,18639.24,18549.92,18323.52
482,2020-12-10,17920.56,18554.32,18250.47,18549.92
481,2020-12-11,17598.13,18295.1,18034.86,18250.47
480,2020-12-12,18033.05,18948.78,18814.98,18034.86
479,2020-12-13,18733.67,19414.65,19169.05,18814.98
478,2020-12-14,19001.22,19339.6,19274.69,19169.05
477,2020-12-15,19060.06,19553.23,19441.96,19274.69
476,2020-12-16,19299.86,21527.36,21352.13,19441.96
475,2020-12-17,21240.41,23698.98,22822.17,21352.13
474,2020-12-18,22345.87,23271.54,23135.57,22822.17
473,2020-12-19,22755.03,24114.51,23844.72,23135.57
472,2020-12-20,23095.72,24252.16,23467.06,23844.72
471,2020-12-21,22015.91,24077.7,22727.13,23467.06
470,2020-12-22,22378.26,23833.23,23823.32,22727.13
469,2020-12-23,22641.37,24082.98,23239.5,23823.32
468,2020-12-24,22716.45,23778.56,23724.2,23239.5
467,2020-12-25,23417.43,24776.64,24707.98,23724.2
466,2020-12-26,24494.27,26780.61,26445.7,24707.98
465,2020-12-27,25805.96,28340.08,26249.27,26445.7
464,2020-12-28,26085.96,27461.63,27039.45,26249.27
463,2020-12-29,25864.25,27383.6,27360.78,27039.45
462,2020-12-30,27360.09,28990.2,28889.61,27360.78
461,2020-12-31,27957.13,29301.67,28972.4,28889.61
460,2021-01-01,28748.21,29666.33,29388.94,28972.4
459,2021-01-02,29036.26,33257.29,32203.64,29388.94
458,2021-01-03,32010.59,34789.34,33063.48,32203.64
457,2021-01-04,28493.29,33622.7,32030.55,33063.48
456,2021-01-05,29985.29,34487.44,34038.29,32030.55
455,2021-01-06,33404.2,36973.76,36849.86,34038.29
454,2021-01-07,36340.01,40365.87,39479.41,36849.86
453,2021-01-08,36640.51,41964.96,40636.24,39479.41
452,2021-01-09,38783.61,41400.48,40236.66,40636.24
451,2021-01-10,35283.65,41427.88,38202.08,40236.66
450,2021-01-11,30308.4,38266.42,35496.03,38202.08
449,2021-01-12,32522.98,36620.28,34058.4,35496.03
448,2021-01-13,32405.89,37809.67,37380.85,34058.4
447,2021-01-14,36751.89,40093.43,39155.58,37380.85
446,2021-01-15,34396.19,39695.43,36790.17,39155.58
445,2021-01-16,35395.88,37942.44,36025.26,36790.17
444,2021-01-17,33854.83,36860.67,35839.51,36025.26
443,2021-01-18,34784.4,37429.24,36623.04,35839.51
442,2021-01-19,35917.28,37867.53,35932.79,36623.04
441,2021-01-20,33519.59,36409.96,35501.38,35932.79
440,2021-01-21,30067.14,35619.6,30840.3,35501.38
439,2021-01-22,28817.3,33857.39,33008.02,30840.3
438,2021-01-23,31430.15,33484.73,32107.29,33008.02
437,2021-01-24,30957.56,33090.99,32283.66,32107.29
436,2021-01-25,31937.09,34881.18,32275.27,32283.66
435,2021-01-26,30853.17,32943.69,32516.52,32275.27
434,2021-01-27,29236.73,32580.05,30423.05,32516.52
433,2021-01-28,29905.53,33880.92,33443.87,30423.05
432,2021-01-29,31996.08,38631.5,34252.08,33443.87
431,2021-01-30,32858.0,34906.15,34317.82,34252.08
430,2021-01-31,32214.08,34381.7,33143.22,34317.82
429,2021-02-01,32340.24,34714.34,33535.94,33143.22
428,2021-02-02,33459.48,36004.47,35524.43,33535.94
427,2021-02-03,35413.72,37704.8,37677.34,35524.43
426,2021-02-04,36199.19,38741.89,36983.42,37677.34
425,2021-02-05,36626.5,38343.92,38310.24,36983.42
424,2021-02-06,38247.96,40989.11,39267.01,38310.24
423,2021-02-07,37408.16,39721.59,38868.82,39267.01
422,2021-02-08,38063.87,46606.82,46437.41,38868.82
421,2021-02-09,45051.46,48209.59,46509.57,46437.41
420,2021-02-10,43743.99,47349.86,44854.95,46509.57
419,2021-02-11,44032.66,48664.81,48006.18,44854.95
418,2021-02-12,46243.85,48930.99,47435.54,48006.18
417,2021-02-13,46291.19,48171.46,47222.32,47435.54
416,2021-02-14,47096.92,49642.39,48652.87,47222.32
415,2021-02-15,45910.0,49031.74,47936.51,48652.87
414,2021-02-16,47068.63,50561.53,49184.63,47936.51
413,2021-02-17,48967.72,52622.68,52154.91,49184.63
412,2021-02-18,50874.81,52550.6,51591.61,52154.91
411,2021-02-19,50766.83,56331.09,55933.47,51591.61
410,2021-02-20,54140.61,57528.16,55900.84,55933.47
409,2021-02-21,55516.07,58348.75,57469.95,55900.84
408,2021-02-22,48194.31,57540.74,54121.17,57469.95
407,2021-02-23,44983.39,54164.35,48898.7,54121.17
406,2021-02-24,47015.55,51399.55,49738.17,48898.7
405,2021-02-25,46728.88,52086.34,47082.87,49738.17
404,2021-02-26,44153.46,48438.38,46324.5,47082.87
403,2021-02-27,45063.84,48362.8,46191.39,46324.5
402,2021-02-28,43061.92,46645.9,45261.03,46191.39
401,2021-03-01,45058.98,49812.2,49635.07,45261.03
400,2021-03-02,47097.84,50221.14,48501.21,49635.07
399,2021-03-03,48176.64,52625.39,50392.55,48501.21
398,2021-03-04,47516.91,51792.65,48363.74,50392.55
397,2021-03-05,46311.43,49467.19,48775.37,48363.74
396,2021-03-06,47099.07,49185.32,48892.8,48775.37
395,2021-03-07,48892.8,51455.54,50964.18,48892.8
394,2021-03-08,49341.09,52408.08,52405.02,50964.18
393,2021-03-09,51888.98,54933.93,54928.7,52405.02
392,2021-03-10,53054.34,57396.59,55893.31,54928.7
391,2021-03-11,54314.65,58142.77,57809.41,55893.31
390,2021-03-12,55089.68,58069.58,57256.22,57809.41
389,2021-03-13,56103.32,61749.15,61179.79,57256.22
388,2021-03-14,58980.95,61674.66,58998.89,61179.79
387,2021-03-15,54857.68,60589.17,55665.01,58998.89
386,2021-03-16,53269.13,56936.04,56925.01,55665.01
385,2021-03-17,54156.11,58975.28,58909.0,56925.01
384,2021-03-18,57022.2,60077.79,57643.32,58909.0
383,2021-03-19,56283.37,59453.32,58060.21,57643.32
382,2021-03-20,57837.79,59911.7,58101.34,58060.21
381,2021-03-21,55635.61,58621.34,57374.95,58101.34
380,2021-03-22,53795.78,58431.44,54095.36,57374.95
379,2021-03-23,52984.36,55836.27,54355.45,54095.36
378,2021-03-24,51685.15,57202.53,52303.02,54355.45
377,2021-03-25,50406.31,53199.52,51336.09,52303.02
376,2021-03-26,51275.54,55083.9,55055.43,51336.09
375,2021-03-27,53991.0,56606.78,55863.73,55055.43
374,2021-03-28,54717.97,56561.55,55781.01,55863.73
373,2021-03-29,54910.57,58413.9,57626.1,55781.01
372,2021-03-30,57055.21,59402.27,58781.54,57626.1
371,2021-03-31,56918.81,59818.5,58793.8,58781.54
370,2021-04-01,57949.11,59469.45,58730.82,58793.8
369,2021-04-02,58458.46,60061.51,58987.8,58730.82
368,2021-04-03,56958.04,59770.87,57074.97,58987.8
367,2021-04-04,56493.38,58493.73,58219.43,57074.97
366,2021-04-05,56833.44,59235.68,59119.56,58219.43
365,2021-04-06,57369.44,59464.31,58010.35,59119.56
364,2021-04-07,55467.58,58628.19,55951.98,58010.35
363,2021-04-08,55711.07,58150.23,58084.46,55951.98
362,2021-04-09,57694.22,58881.94,58106.85,58084.46
361,2021-04-10,57885.43,61193.5,59784.8,58106.85
360,2021-04-11,59218.25,60673.37,59980.45,59784.8
359,2021-04-12,59421.37,61233.29,59845.76,59980.45
358,2021-04-13,59811.31,63682.32,63558.48,59845.76
357,2021-04-14,61312.98,64859.81,62964.27,63558.48
356,2021-04-15,62038.33,63826.89,63233.03,62964.27
355,2021-04-16,60048.13,63567.11,61416.41,63233.03
354,2021-04-17,59712.92,62541.21,60056.07,61416.41
353,2021-04-18,52785.1,60393.33,56246.82,60056.07
352,2021-04-19,54291.08,57590.64,55680.11,56246.82
351,2021-04-20,53429.73,57101.05,56496.06,55680.11
350,2021-04-21,53640.81,56801.94,53803.25,56496.06
349,2021-04-22,50519.78,55458.61,51717.61,53803.25
348,2021-04-23,47495.24,52112.75,51178.03,51717.61
347,2021-04-24,48769.48,51223.86,50115.99,51178.03
346,2021-04-25,47073.07,50576.4,49120.97,50115.99
345,2021-04-26,48843.41,54389.71,54062.29,49120.97
344,2021-04-27,53357.59,55490.94,55073.48,54062.29
343,2021-04-28,53886.63,56461.55,54877.94,55073.48
342,2021-04-29,52399.42,55217.24,53581.58,54877.94
341,2021-04-30,53089.93,57984.34,57757.97,53581.58
340,2021-05-01,57057.4,58498.65,57843.16,57757.97
339,2021-05-02,56092.72,57934.82,56623.51,57843.16
338,2021-05-03,56531.6,58963.84,57195.07,56623.51
337,2021-05-04,53108.04,57226.81,53244.07,57195.07
336,2021-05-05,52978.89,57944.11,57506.88,53244.07
335,2021-05-06,55299.4,58392.76,56441.94,57506.88
334,2021-05-07,55311.16,58695.29,57374.33,56441.94
333,2021-05-08,56985.44,59521.69,58943.13,57374.33
332,2021-05-09,56350.98,59276.99,58294.18,58943.13
331,2021-05-10,54239.16,59587.03,55870.01,58294.18
330,2021-05-11,54490.38,56928.37,56747.52,55870.01
329,2021-05-12,49182.89,58005.44,49504.08,56747.52
328,2021-05-13,47029.73,51377.99,49700.6,49504.08
327,2021-05-14,48910.06,51554.66,49887.96,49700.6
326,2021-05-15,46606.18,50710.05,46775.29,49887.96
325,2021-05-16,43918.69,49808.83,46490.71,46775.29
324,2021-05-17,42130.83,46665.19,43552.14,46490.71
323,2021-05-18,42309.39,45819.36,42886.02,43552.14
322,2021-05-19,29925.2,43564.34,36771.87,42886.02
321,2021-05-20,35009.25,42520.03,40597.4,36771.87
320,2021-05-21,33552.8,42252.07,37350.39,40597.4
319,2021-05-22,35287.71,38841.92,37491.5,37350.39
318,2021-05-23,31157.18,38304.55,34716.84,37491.5
317,2021-05-24,34467.32,39945.35,38837.76,34716.84
316,2021-05-25,36509.09,39842.9,38387.36,38837.76
315,2021-05-26,37855.81,40854.81,39295.08,38387.36
314,2021-05-27,37211.84,40408.95,38538.84,39295.08
313,2021-05-28,34733.76,38879.6,35680.92,38538.84
312,2021-05-29,33666.06,37307.1,34611.58,35680.92
311,2021-05-30,33400.65,36481.62,35662.59,34611.58
310,2021-05-31,34202.86,37512.8,37290.83,35662.59
309,2021-06-01,35733.52,37910.19,36683.51,37290.83
308,2021-06-02,35935.34,38225.18,37576.98,36683.51
307,2021-06-03,37199.92,39482.46,39229.66,37576.98
306,2021-06-04,35617.03,39273.49,36861.5,39229.66
305,2021-06-05,34846.16,37911.76,35538.4,36861.5
304,2021-06-06,35264.34,36453.81,35798.57,35538.4
303,2021-06-07,33367.12,36790.39,33582.86,35798.57
302,2021-06-08,31034.35,34061.09,33409.38,33582.86
301,2021-06-09,32435.18,37528.42,37391.58,33409.38
300,2021-06-10,35821.05,38387.2,36680.78,37391.58
299,2021-06-11,35981.84,37665.85,37339.98,36680.78
298,2021-06-12,34655.21,37445.32,35541.78,37339.98
297,2021-06-13,34802.24,39374.68,39017.37,35541.78
296,2021-06-14,38755.79,41025.42,40526.63,39017.37
295,2021-06-15,39526.69,41307.06,40161.86,40526.63
294,2021-06-16,38122.04,40487.98,38345.41,40161.86
293,2021-06-17,37386.57,39537.42,38082.3,38345.41
292,2021-06-18,35158.89,38201.23,35830.29,38082.3
291,2021-06-19,34863.17,36443.26,35515.38,35830.29
290,2021-06-20,33377.82,36139.95,35602.26,35515.38
289,2021-06-21,31284.7,35760.61,31652.62,35602.26
288,2021-06-22,28908.07,33312.87,32537.58,31652.62
287,2021-06-23,31790.02,34831.93,33678.64,32537.58
286,2021-06-24,32340.83,35267.23,34649.84,33678.64
285,2021-06-25,31290.25,35494.5,31593.86,34649.84
284,2021-06-26,30190.9,32680.58,32307.35,31593.86
283,2021-06-27,32031.15,34754.5,34713.81,32307.35
282,2021-06-28,33890.86,35292.57,34487.11,34713.81
281,2021-06-29,34243.82,36624.75,35901.41,34487.11
280,2021-06-30,34062.04,36090.37,35056.39,35901.41
279,2021-07-01,32757.33,35065.41,33543.11,35056.39
278,2021-07-02,32715.18,33968.47,33804.54,33543.11
277,2021-07-03,33333.05,34944.91,34682.84,33804.54
276,2021-07-04,34390.95,35945.36,35287.97,34682.84
275,2021-07-05,33151.51,35290.8,33702.79,35287.97
274,2021-07-06,33558.75,35096.65,34237.66,33702.79
273,2021-07-07,33807.42,35066.82,33880.79,34237.66
272,2021-07-08,32108.68,33934.31,32874.01,33880.79
271,2021-07-09,32274.31,34076.49,33804.2,32874.01
270,2021-07-10,33030.16,34253.5,33515.13,33804.2
269,2021-07-11,33335.4,34595.69,34249.3,33515.13
268,2021-07-12,32660.38,34658.46,33088.51,34249.3
267,2021-07-13,32206.14,33335.54,32737.47,33088.51
266,2021-07-14,31601.99,33099.2,32820.5,32737.47
265,2021-07-15,31133.75,33188.54,31867.46,32820.5
264,2021-07-16,31046.14,32256.94,31401.76,31867.46
263,2021-07-17,31194.16,31966.25,31546.64,31401.76
262,2021-07-18,31131.67,32446.17,31806.3,31546.64
261,2021-07-19,30487.11,31907.17,30847.55,31806.3
260,2021-07-20,29320.09,31063.88,29795.55,30847.55
259,2021-07-21,29513.88,32814.13,32139.48,29795.55
258,2021-07-22,31738.48,32604.4,32299.47,32139.48
257,2021-07-23,32012.62,33637.93,33637.92,32299.47
256,2021-07-24,33429.09,34519.75,34282.56,33637.92
255,2021-07-25,33892.36,35382.63,35369.93,34282.56
254,2021-07-26,35270.24,40553.85,37269.52,35369.93
253,2021-07-27,36422.45,39535.5,39496.69,37269.52
252,2021-07-28,38809.89,40906.09,40030.01,39496.69
251,2021-07-29,39281.83,40633.62,40030.52,40030.01
250,2021-07-30,38346.18,42301.76,42231.83,40030.52
249,2021-07-31,41065.61,42373.59,41474.72,42231.83
248,2021-08-01,39471.54,42584.65,39870.76,41474.72
247,2021-08-02,38698.01,40446.6,39158.53,39870.76
246,2021-08-03,37679.22,39779.45,38189.3,39158.53
245,2021-08-04,37526.24,39961.11,39738.56,38189.3
244,2021-08-05,37330.04,41409.14,40888.18,39738.56
243,2021-08-06,39895.05,43363.62,42852.18,40888.18
242,2021-08-07,42473.57,44731.51,44617.96,42852.18
241,2021-08-08,43300.59,45310.33,43827.75,44617.96
240,2021-08-09,42818.07,46476.01,46292.61,43827.75
239,2021-08-10,44663.2,46707.56,45601.03,46292.61
238,2021-08-11,45360.51,46763.89,45556.69,45601.03
237,2021-08-12,43786.4,46214.21,44425.52,45556.69
236,2021-08-13,44260.38,47890.79,47832.93,44425.52
235,2021-08-14,46049.28,48136.25,47102.03,47832.93
234,2021-08-15,45595.22,47390.93,47015.94,47102.03
233,2021-08-16,45681.1,48064.42,45927.4,47015.94
232,2021-08-17,44438.79,47100.97,44684.43,45927.4
231,2021-08-18,44240.9,46024.97,44714.54,44684.43
230,2021-08-19,43982.21,47044.06,46761.49,44714.54
229,2021-08-20,46652.0,49377.5,49336.45,46761.49
228,2021-08-21,48330.03,49809.82,48867.87,49336.45
227,2021-08-22,48119.98,49512.19,49289.71,48867.87
226,2021-08-23,49048.25,50513.83,49521.06,49289.71
225,2021-08-24,47580.66,49859.97,47690.54,49521.06
224,2021-08-25,47135.07,49257.74,48996.44,47690.54
223,2021-08-26,46456.68,49358.2,46852.22,48996.44
222,2021-08-27,46376.81,49166.31,49088.1,46852.22
221,2021-08-28,48386.9,49306.47,48918.9,49088.1
220,2021-08-29,47841.49,49653.49,48794.26,48918.9
219,2021-08-30,46872.47,48878.11,46993.31,48794.26
218,2021-08-31,46713.72,48252.74,47159.26,46993.31
217,2021-09-01,46544.74,49062.05,48840.01,47159.26
216,2021-09-02,48632.7,50374.89,49280.77,48840.01
215,2021-09-03,48362.56,51056.15,50019.51,49280.77
214,2021-09-04,49501.12,50549.35,49935.29,50019.51
213,2021-09-05,49499.28,51890.18,51784.16,49935.29
212,2021-09-06,51035.68,52766.16,52693.32,51784.16
211,2021-09-07,43904.42,52919.24,46856.31,52693.32
210,2021-09-08,44475.76,47362.35,46073.45,46856.31
209,2021-09-09,45572.3,47335.29,46392.85,46073.45
208,2021-09-10,44198.27,47026.67,44853.1,46392.85
207,2021-09-11,44741.98,45987.63,45166.12,44853.1
206,2021-09-12,44765.82,46403.5,46049.72,45166.12
205,2021-09-13,43511.3,46821.84,44958.56,46049.72
204,2021-09-14,44776.37,47263.56,47129.01,44958.56
203,2021-09-15,46725.15,48457.3,48148.45,47129.01
202,2021-09-16,47050.55,48498.51,47764.47,48148.45
201,2021-09-17,46770.31,48172.36,47297.98,47764.47
200,2021-09-18,47066.47,48808.0,48312.46,47297.98
199,2021-09-19,46864.5,48376.3,47251.76,48312.46
198,2021-09-20,42552.63,47340.49,42925.46,47251.76
197,2021-09-21,39767.17,43625.93,40709.59,42925.46
196,2021-09-22,40589.07,44012.22,43576.15,40709.59
195,2021-09-23,43108.42,44994.17,44893.87,43576.15
194,2021-09-24,40807.2,45143.18,42848.41,44893.87
193,2021-09-25,41710.08,42992.94,42721.91,42848.41
192,2021-09-26,40825.4,43928.49,43201.79,42721.91
191,2021-09-27,42139.24,44360.41,42187.51,43201.79
190,2021-09-28,40924.13,42781.24,41056.79,42187.51
189,2021-09-29,40790.67,42603.18,41539.43,41056.79
188,2021-09-30,41436.79,44106.6,43829.34,41539.43
187,2021-10-01,43304.82,48470.13,48164.35,43829.34
186,2021-10-02,47468.49,48347.69,47669.02,48164.35
185,2021-10-03,47137.07,49185.34,48234.05,47669.02
184,2021-10-04,46944.28,49501.21,49276.91,48234.05
183,2021-10-05,49087.72,51885.03,51504.27,49276.91
182,2021-10-06,50439.32,55656.67,55345.85,51504.27
181,2021-10-07,53391.93,55359.77,53797.21,55343.24
180,2021-10-08,53666.09,56047.91,53949.29,53796.22
179,2021-10-09,53696.32,55485.2,54968.04,53949.29
178,2021-10-10,54131.52,56473.63,54700.24,54968.04
177,2021-10-11,54448.68,57825.98,57498.8,54700.24
176,2021-10-12,54098.22,57646.93,56010.9,57498.8
175,2021-10-13,54279.61,57768.98,57369.0,56010.9
174,2021-10-14,56854.38,58514.76,57359.21,57369.0
173,2021-10-15,56885.66,62889.98,61684.96,57359.21
172,2021-10-16,60153.79,62341.46,60877.77,61684.96
171,2021-10-17,59050.3,61698.1,61520.54,60877.77
170,2021-10-18,59925.93,62662.72,62038.16,61520.54
169,2021-10-19,61410.11,64468.7,64283.97,62038.16
168,2021-10-20,63543.7,66980.66,66021.02,64283.97
167,2021-10-21,62076.16,66645.73,62283.96,66021.02
166,2021-10-22,60017.23,63731.17,60693.59,62283.96
165,2021-10-23,59705.11,61733.43,61313.09,60693.59
164,2021-10-24,59529.34,61481.25,60863.56,61313.09
163,2021-10-25,60658.35,63709.97,63089.04,60863.56
162,2021-10-26,59868.68,63290.04,60315.68,63089.04
161,2021-10-27,58128.18,61473.0,58464.42,60315.68
160,2021-10-28,58145.43,62252.08,60610.11,58464.42
159,2021-10-29,60269.97,62967.45,62282.5,60610.11
158,2021-10-30,60774.38,62371.52,61891.91,62282.5
157,2021-10-31,60022.06,62420.57,61349.75,61891.91
156,2021-11-01,59554.88,62482.31,60960.98,61349.75
155,2021-11-02,60677.48,64283.57,63260.05,60960.98
154,2021-11-03,61057.89,63553.52,62929.93,63260.05
153,2021-11-04,60745.84,63102.86,61448.47,62929.93
152,2021-11-05,60789.16,62621.97,61019.66,61448.47
151,2021-11-06,60130.85,61594.16,61529.76,61019.66
150,2021-11-07,61406.56,63309.57,63302.78,61529.76
149,2021-11-08,63302.78,67755.46,67549.14,63302.78
148,2021-11-09,66312.42,68514.26,66939.24,67549.14
147,2021-11-10,63196.25,68978.64,64926.06,66939.24
146,2021-11-11,64130.37,65585.68,64820.8,64926.06
145,2021-11-12,62315.02,65466.0,64156.3,64820.8
144,2021-11-13,63406.98,64967.34,64409.56,64156.3
143,2021-11-14,63616.33,65509.06,65509.06,64409.56
142,2021-11-15,63442.58,66335.42,63614.06,65509.06
141,2021-11-16,58745.71,63614.53,60108.9,63614.06
140,2021-11-17,58566.05,60837.09,60365.6,60108.9
139,2021-11-18,56535.61,60964.37,56930.68,60365.6
138,2021-11-19,55655.03,58403.92,58136.22,56930.68
137,2021-11-20,57450.63,59901.9,59769.66,58136.22
136,2021-11-21,58575.6,60058.65,58700.83,59769.66
135,2021-11-22,55673.01,59391.98,56303.06,58700.83
134,2021-11-23,55485.59,57873.77,57566.6,56303.06
133,2021-11-24,55899.88,57740.34,57175.09,57566.6
132,2021-11-25,57056.64,59437.04,58966.99,57175.09
131,2021-11-26,53575.54,59201.95,53788.22,58966.99
130,2021-11-27,53668.95,55316.65,54805.03,53788.22
129,2021-11-28,53436.05,57475.26,57331.41,54805.03
128,2021-11-29,56752.37,58898.57,57839.55,57331.41
127,2021-11-30,55931.33,59226.33,56975.35,57839.55
126,2021-12-01,56505.99,59096.53,57227.97,56975.35
125,2021-12-02,55850.4,57409.48,56522.76,57227.97
124,2021-12-03,52493.23,57639.15,53663.25,56522.76
123,2021-12-04,43563.07,53871.2,49243.39,53663.25
122,2021-12-05,47840.63,49764.31,49465.5,49243.39
121,2021-12-06,47260.2,50986.02,50552.83,49465.5
120,2021-12-07,50083.33,51953.27,50633.01,50552.83
119,2021-12-08,48711.85,51215.6,50513.04,50633.01
118,2021-12-09,47347.73,50829.41,47593.85,50513.04
117,2021-12-10,46989.42,50047.85,47191.14,47593.85
116,2021-12-11,46829.85,49504.07,49398.4,47191.14
115,2021-12-12,48689.25,50807.75,50109.99,49398.4
114,2021-12-13,45800.52,50215.42,46731.03,50109.99
113,2021-12-14,46320.4,48665.63,48387.69,46731.03
112,2021-12-15,46562.1,49499.91,48885.05,48387.69
111,2021-12-16,47546.15,49451.4,47635.92,48885.05
110,2021-12-17,45505.02,48004.37,46164.14,47635.92
109,2021-12-18,45522.92,47356.67,46861.62,46164.14
108,2021-12-19,46459.66,48286.29,46697.13,46861.62
107,2021-12-20,45586.49,47495.72,46913.54,46697.13
106,2021-12-21,46661.88,49334.04,48917.48,46913.54
105,2021-12-22,48460.43,49581.41,48614.97,48917.48
104,2021-12-23,48062.25,51382.88,50830.2,48614.97
103,2021-12-24,50449.36,51863.56,50840.36,50830.2
102,2021-12-25,50199.56,51158.56,50431.63,50840.36
101,2021-12-26,49485.62,51283.7,50790.88,50431.63
100,2021-12-27,50481.26,52079.46,50714.73,50790.88
99,2021-12-28,47317.78,50718.53,47536.39,50714.73
98,2021-12-29,46107.79,48145.34,46471.7,47536.39
97,2021-12-30,45964.28,47917.89,47129.66,46471.7
96,2021-12-31,45665.44,48573.22,46197.31,47129.66
95,2022-01-01,46196.03,47950.29,47737.35,46197.31
94,2022-01-02,46666.18,47979.26,47306.41,47737.35
93,2022-01-03,45707.55,47572.23,46450.79,47306.41
92,2022-01-04,45587.91,47529.48,45824.54,46450.79
91,2022-01-05,42510.86,47067.18,43432.51,45824.54
90,2022-01-06,42468.76,43779.23,43094.54,43432.51
89,2022-01-07,40750.42,43138.79,41543.79,43094.54
88,2022-01-08,40534.37,42306.77,41686.67,41543.79
87,2022-01-09,41237.13,42800.66,41869.6,41686.67
86,2022-01-10,39667.6,42251.07,41832.59,41869.6
85,2022-01-11,41279.45,43122.32,42743.03,41832.59
84,2022-01-12,42471.08,44293.83,43919.67,42743.03
83,2022-01-13,42334.75,44442.67,42575.61,43919.67
82,2022-01-14,41785.44,43467.05,43089.83,42575.61
81,2022-01-15,42589.82,43811.94,43088.74,43089.83
80,2022-01-16,42617.07,43484.21,43100.36,43088.74
79,2022-01-17,41571.67,43198.05,42224.38,43100.36
78,2022-01-18,41301.01,42682.77,42372.75,42224.38
77,2022-01-19,41144.83,42575.28,41674.8,42372.75
76,2022-01-20,40564.32,43513.14,40697.03,41674.8
75,2022-01-21,35494.42,41116.66,36469.3,40697.03
74,2022-01-22,34130.35,36811.86,35075.92,36469.3
73,2022-01-23,34648.38,36539.19,36288.15,35075.92
72,2022-01-24,32990.72,37469.19,36702.79,36288.15
71,2022-01-25,35732.05,37555.35,36975.99,36702.79
70,2022-01-26,36275.92,38930.36,36829.37,36975.99
69,2022-01-27,35543.94,37242.79,37189.85,36829.37
68,2022-01-28,36176.78,38021.06,37744.7,37189.85
67,2022-01-29,37343.45,38728.29,38184.86,37744.7
66,2022-01-30,37377.53,38364.51,37908.44,38184.86
65,2022-01-31,36660.7,38769.81,38494.66,37908.44
64,2022-02-01,38033.98,39281.06,38721.49,38494.66
63,2022-02-02,36650.8,38883.19,36918.19,38721.49
62,2022-02-03,36270.47,37411.52,37328.64,36918.19
61,2022-02-04,37060.18,41737.83,41590.34,37328.64
60,2022-02-05,40963.47,41954.24,41418.21,41590.34
59,2022-02-06,41152.05,42671.81,42412.41,41418.21
58,2022-02-07,41689.77,44518.11,43861.07,42412.41
57,2022-02-08,42704.39,45483.65,44080.12,43861.07
56,2022-02-09,43167.21,44849.9,44422.91,44080.12
55,2022-02-10,43254.41,45837.02,43531.67,44422.91
54,2022-02-11,42010.61,43950.88,42398.98,43531.67
53,2022-02-12,41775.79,43041.72,42239.01,42398.98
52,2022-02-13,41900.31,42773.35,42069.84,42239.01
51,2022-02-14,41581.41,42857.15,42552.28,42069.84
50,2022-02-15,42452.02,44771.91,44576.33,42552.28
49,2022-02-16,43361.09,44583.03,43896.34,44576.33
48,2022-02-17,40104.04,44187.88,40545.09,43896.34
47,2022-02-18,39496.7,40980.65,39994.66,40545.09
46,2022-02-19,39664.71,40464.62,40107.12,39994.66
45,2022-02-20,38019.97,40142.98,38397.25,40107.12
44,2022-02-21,36862.52,39495.33,37037.39,38397.25
43,2022-02-22,36371.68,38458.26,38267.75,37037.39
42,2022-02-23,37083.83,39260.51,37270.85,38267.75
41,2022-02-24,34349.58,39182.44,38353.62,37270.85
40,2022-02-25,38043.51,39710.26,39239.77,38353.62
39,2022-02-26,38605.65,40228.13,39134.83,39239.77
38,2022-02-27,37039.71,39861.91,37714.96,39134.83
37,2022-02-28,37473.3,43953.92,43189.46,37714.96
36,2022-03-01,42893.5,44883.1,44428.47,43189.46
35,2022-03-02,43387.92,45069.78,43935.37,44428.47
34,2022-03-03,41852.46,44079.17,42474.37,43935.37
33,2022-03-04,38621.24,42520.95,39154.4,42474.37
32,2022-03-05,38652.98,39596.42,39407.02,39154.4
31,2022-03-06,38133.84,39686.74,38428.92,39407.02
30,2022-03-07,37191.99,39536.14,38030.63,38428.92
29,2022-03-08,37905.43,39361.33,38748.52,38030.63
28,2022-03-09,38685.96,42557.95,41962.85,38748.52
27,2022-03-10,38853.45,42043.56,39443.42,41962.85
26,2022-03-11,38261.24,40221.93,38741.03,39443.42
25,2022-03-12,38696.52,39414.02,38805.53,38741.03
24,2022-03-13,37633.11,39254.88,37796.31,38805.53
23,2022-03-14,37566.52,39802.89,39696.28,37796.31
22,2022-03-15,38259.88,39863.78,39314.86,39696.28
21,2022-03-16,38933.24,41638.54,41133.64,39314.86
20,2022-03-17,40581.36,41441.08,40956.79,41133.64
19,2022-03-18,40230.1,42250.94,41790.97,40956.79
18,2022-03-19,41549.61,42367.55,42235.02,41790.97
17,2022-03-20,40979.25,42297.3,41243.16,42235.02
16,2022-03-21,40555.57,41510.03,41043.9,41243.16
15,2022-03-22,40923.9,43287.39,42380.11,41043.9
14,2022-03-23,41806.4,43021.74,42904.1,42380.11
13,2022-03-24,42653.71,44230.66,44006.77,42904.1
12,2022-03-25,43629.05,45112.71,44331.36,44006.77
11,2022-03-26,44108.04,44811.3,44542.31,44331.36
10,2022-03-27,44449.41,46896.6,46842.14,44542.31
9,2022-03-28,46669.19,48208.48,47128.71,46842.14
8,2022-03-29,47018.87,48054.67,47445.3,47128.71
7,2022-03-30,46606.97,47690.62,47056.41,47445.3
6,2022-03-31,45220.41,47599.87,45522.65,47056.41
5,2022-04-01,44256.66,46726.2,46299.75,45522.65
4,2022-04-02,45655.15,47208.84,45822.28,46299.75
3,2022-04-03,45565.57,47432.6,46414.26,45822.28
2,2022-04-04,45136.03,46893.71,46609.36,46414.26
1,2022-04-05,45382.83,47187.66,45501.58,46609.36
0,2022-04-06,44465.22,45518.32,44669.32,45501.58
